

CREATE TABLE `bioma_1` (
  `Bioma` varchar(14) DEFAULT NULL,
  `Area_proteção_integral` int(8) DEFAULT NULL,
  `Area_uso_sustentavel` int(8) DEFAULT NULL
)

--
-- Extraindo dados da tabela `bioma_1`
--

INSERT INTO `bioma_1` (`Bioma`, `Area_proteção_integral`, `Area_uso_sustentavel`) VALUES
('Caatinga', 1117400, 5359300),
('Cerrado', 6489700, 17735500),
('Mata Atlântica', 2871100, 8671900),
('Pampa', 85400, 440300),
('Pantanal', 440300, 2222),
('Amazônia Legal', 43019000, 76658900);

-- --------------------------------------------------------

--
-- Estrutura da tabela `data`
--

CREATE TABLE `data` (
  `ID_data` int(3) DEFAULT NULL,
  `Ano` int(4) DEFAULT NULL,
  `Mês` varchar(11) DEFAULT NULL
)

--
-- Extraindo dados da tabela `data`
--

INSERT INTO `data` (`ID_data`, `Ano`, `Mês`) VALUES
(0, 1994, 'Janeiro'),
(1, 1994, 'Fevereiro'),
(2, 1994, 'Março'),
(3, 1994, 'Abril'),
(4, 1994, 'Maio'),
(5, 1994, 'Junho'),
(6, 1994, 'Julho'),
(7, 1994, 'Agosto'),
(8, 1994, 'Setembro'),
(9, 1994, 'Outubro'),
(10, 1994, 'Novembro'),
(11, 1994, 'Dezembro'),
(12, 1994, 'Inexistente'),
(13, 1995, 'Janeiro'),
(14, 1995, 'Fevereiro'),
(15, 1995, 'Março'),
(16, 1995, 'Abril'),
(17, 1995, 'Maio'),
(18, 1995, 'Junho'),
(19, 1995, 'Julho'),
(20, 1995, 'Agosto'),
(21, 1995, 'Setembro'),
(22, 1995, 'Outubro'),
(23, 1995, 'Novembro'),
(24, 1995, 'Dezembro'),
(25, 1995, 'Inexistente'),
(26, 1996, 'Janeiro'),
(27, 1996, 'Fevereiro'),
(28, 1996, 'Março'),
(29, 1996, 'Abril'),
(30, 1996, 'Maio'),
(31, 1996, 'Junho'),
(32, 1996, 'Julho'),
(33, 1996, 'Agosto'),
(34, 1996, 'Setembro'),
(35, 1996, 'Outubro'),
(36, 1996, 'Novembro'),
(37, 1996, 'Dezembro'),
(38, 1996, 'Inexistente'),
(39, 1997, 'Janeiro'),
(40, 1997, 'Fevereiro'),
(41, 1997, 'Março'),
(42, 1997, 'Abril'),
(43, 1997, 'Maio'),
(44, 1997, 'Junho'),
(45, 1997, 'Julho'),
(46, 1997, 'Agosto'),
(47, 1997, 'Setembro'),
(48, 1997, 'Outubro'),
(49, 1997, 'Novembro'),
(50, 1997, 'Dezembro'),
(51, 1997, 'Inexistente'),
(52, 1998, 'Janeiro'),
(53, 1998, 'Fevereiro'),
(54, 1998, 'Março'),
(55, 1998, 'Abril'),
(56, 1998, 'Maio'),
(57, 1998, 'Junho'),
(58, 1998, 'Julho'),
(59, 1998, 'Agosto'),
(60, 1998, 'Setembro'),
(61, 1998, 'Outubro'),
(62, 1998, 'Novembro'),
(63, 1998, 'Dezembro'),
(64, 1998, 'Inexistente'),
(65, 1999, 'Janeiro'),
(66, 1999, 'Fevereiro'),
(67, 1999, 'Março'),
(68, 1999, 'Abril'),
(69, 1999, 'Maio'),
(70, 1999, 'Junho'),
(71, 1999, 'Julho'),
(72, 1999, 'Agosto'),
(73, 1999, 'Setembro'),
(74, 1999, 'Outubro'),
(75, 1999, 'Novembro'),
(76, 1999, 'Dezembro'),
(77, 1999, 'Inexistente'),
(78, 2000, 'Janeiro'),
(79, 2000, 'Fevereiro'),
(80, 2000, 'Março'),
(81, 2000, 'Abril'),
(82, 2000, 'Maio'),
(83, 2000, 'Junho'),
(84, 2000, 'Julho'),
(85, 2000, 'Agosto'),
(86, 2000, 'Setembro'),
(87, 2000, 'Outubro'),
(88, 2000, 'Novembro'),
(89, 2000, 'Dezembro'),
(90, 2000, 'Inexistente'),
(91, 2001, 'Janeiro'),
(92, 2001, 'Fevereiro'),
(93, 2001, 'Março'),
(94, 2001, 'Abril'),
(95, 2001, 'Maio'),
(96, 2001, 'Junho'),
(97, 2001, 'Julho'),
(98, 2001, 'Agosto'),
(99, 2001, 'Setembro'),
(100, 2001, 'Outubro'),
(101, 2001, 'Novembro'),
(102, 2001, 'Dezembro'),
(103, 2001, 'Inexistente'),
(104, 2002, 'Janeiro'),
(105, 2002, 'Fevereiro'),
(106, 2002, 'Março'),
(107, 2002, 'Abril'),
(108, 2002, 'Maio'),
(109, 2002, 'Junho'),
(110, 2002, 'Julho'),
(111, 2002, 'Agosto'),
(112, 2002, 'Setembro'),
(113, 2002, 'Outubro'),
(114, 2002, 'Novembro'),
(115, 2002, 'Dezembro'),
(116, 2002, 'Inexistente'),
(117, 2003, 'Janeiro'),
(118, 2003, 'Fevereiro'),
(119, 2003, 'Março'),
(120, 2003, 'Abril'),
(121, 2003, 'Maio'),
(122, 2003, 'Junho'),
(123, 2003, 'Julho'),
(124, 2003, 'Agosto'),
(125, 2003, 'Setembro'),
(126, 2003, 'Outubro'),
(127, 2003, 'Novembro'),
(128, 2003, 'Dezembro'),
(129, 2003, 'Inexistente'),
(130, 2004, 'Janeiro'),
(131, 2004, 'Fevereiro'),
(132, 2004, 'Março'),
(133, 2004, 'Abril'),
(134, 2004, 'Maio'),
(135, 2004, 'Junho'),
(136, 2004, 'Julho'),
(137, 2004, 'Agosto'),
(138, 2004, 'Setembro'),
(139, 2004, 'Outubro'),
(140, 2004, 'Novembro'),
(141, 2004, 'Dezembro'),
(142, 2004, 'Inexistente'),
(143, 2005, 'Janeiro'),
(144, 2005, 'Fevereiro'),
(145, 2005, 'Março'),
(146, 2005, 'Abril'),
(147, 2005, 'Maio'),
(148, 2005, 'Junho'),
(149, 2005, 'Julho'),
(150, 2005, 'Agosto'),
(151, 2005, 'Setembro'),
(152, 2005, 'Outubro'),
(153, 2005, 'Novembro'),
(154, 2005, 'Dezembro'),
(155, 2005, 'Inexistente'),
(156, 2006, 'Janeiro'),
(157, 2006, 'Fevereiro'),
(158, 2006, 'Março'),
(159, 2006, 'Abril'),
(160, 2006, 'Maio'),
(161, 2006, 'Junho'),
(162, 2006, 'Julho'),
(163, 2006, 'Agosto'),
(164, 2006, 'Setembro'),
(165, 2006, 'Outubro'),
(166, 2006, 'Novembro'),
(167, 2006, 'Dezembro'),
(168, 2006, 'Inexistente'),
(169, 2007, 'Janeiro'),
(170, 2007, 'Fevereiro'),
(171, 2007, 'Março'),
(172, 2007, 'Abril'),
(173, 2007, 'Maio'),
(174, 2007, 'Junho'),
(175, 2007, 'Julho'),
(176, 2007, 'Agosto'),
(177, 2007, 'Setembro'),
(178, 2007, 'Outubro'),
(179, 2007, 'Novembro'),
(180, 2007, 'Dezembro'),
(181, 2007, 'Inexistente'),
(182, 2008, 'Janeiro'),
(183, 2008, 'Fevereiro'),
(184, 2008, 'Março'),
(185, 2008, 'Abril'),
(186, 2008, 'Maio'),
(187, 2008, 'Junho'),
(188, 2008, 'Julho'),
(189, 2008, 'Agosto'),
(190, 2008, 'Setembro'),
(191, 2008, 'Outubro'),
(192, 2008, 'Novembro'),
(193, 2008, 'Dezembro'),
(194, 2008, 'Inexistente'),
(195, 2009, 'Janeiro'),
(196, 2009, 'Fevereiro'),
(197, 2009, 'Março'),
(198, 2009, 'Abril'),
(199, 2009, 'Maio'),
(200, 2009, 'Junho'),
(201, 2009, 'Julho'),
(202, 2009, 'Agosto'),
(203, 2009, 'Setembro'),
(204, 2009, 'Outubro'),
(205, 2009, 'Novembro'),
(206, 2009, 'Dezembro'),
(207, 2009, 'Inexistente'),
(208, 2010, 'Janeiro'),
(209, 2010, 'Fevereiro'),
(210, 2010, 'Março'),
(211, 2010, 'Abril'),
(212, 2010, 'Maio'),
(213, 2010, 'Junho'),
(214, 2010, 'Julho'),
(215, 2010, 'Agosto'),
(216, 2010, 'Setembro'),
(217, 2010, 'Outubro'),
(218, 2010, 'Novembro'),
(219, 2010, 'Dezembro'),
(220, 2010, 'Inexistente'),
(221, 2011, 'Janeiro'),
(222, 2011, 'Fevereiro'),
(223, 2011, 'Março'),
(224, 2011, 'Abril'),
(225, 2011, 'Maio'),
(226, 2011, 'Junho'),
(227, 2011, 'Julho'),
(228, 2011, 'Agosto'),
(229, 2011, 'Setembro'),
(230, 2011, 'Outubro'),
(231, 2011, 'Novembro'),
(232, 2011, 'Dezembro'),
(233, 2011, 'Inexistente'),
(234, 2012, 'Janeiro'),
(235, 2012, 'Fevereiro'),
(236, 2012, 'Março'),
(237, 2012, 'Abril'),
(238, 2012, 'Maio'),
(239, 2012, 'Junho'),
(240, 2012, 'Julho'),
(241, 2012, 'Agosto'),
(242, 2012, 'Setembro'),
(243, 2012, 'Outubro'),
(244, 2012, 'Novembro'),
(245, 2012, 'Dezembro'),
(246, 2012, 'Inexistente'),
(247, 2013, 'Janeiro'),
(248, 2013, 'Fevereiro'),
(249, 2013, 'Março'),
(250, 2013, 'Abril'),
(251, 2013, 'Maio'),
(252, 2013, 'Junho'),
(253, 2013, 'Julho'),
(254, 2013, 'Agosto'),
(255, 2013, 'Setembro'),
(256, 2013, 'Outubro'),
(257, 2013, 'Novembro'),
(258, 2013, 'Dezembro'),
(259, 2013, 'Inexistente'),
(260, 2014, 'Janeiro'),
(261, 2014, 'Fevereiro'),
(262, 2014, 'Março'),
(263, 2014, 'Abril'),
(264, 2014, 'Maio'),
(265, 2014, 'Junho'),
(266, 2014, 'Julho'),
(267, 2014, 'Agosto'),
(268, 2014, 'Setembro'),
(269, 2014, 'Outubro'),
(270, 2014, 'Novembro'),
(271, 2014, 'Dezembro'),
(272, 2014, 'Inexistente'),
(273, 2015, 'Janeiro'),
(274, 2015, 'Fevereiro'),
(275, 2015, 'Março'),
(276, 2015, 'Abril'),
(277, 2015, 'Maio'),
(278, 2015, 'Junho'),
(279, 2015, 'Julho'),
(280, 2015, 'Agosto'),
(281, 2015, 'Setembro'),
(282, 2015, 'Outubro'),
(283, 2015, 'Novembro'),
(284, 2015, 'Dezembro'),
(285, 2015, 'Inexistente'),
(286, 2016, 'Janeiro'),
(287, 2016, 'Fevereiro'),
(288, 2016, 'Março'),
(289, 2016, 'Abril'),
(290, 2016, 'Maio'),
(291, 2016, 'Junho'),
(292, 2016, 'Julho'),
(293, 2016, 'Agosto'),
(294, 2016, 'Setembro'),
(295, 2016, 'Outubro'),
(296, 2016, 'Novembro'),
(297, 2016, 'Dezembro'),
(298, 2016, 'Inexistente'),
(299, 2017, 'Janeiro'),
(300, 2017, 'Fevereiro'),
(301, 2017, 'Março'),
(302, 2017, 'Abril'),
(303, 2017, 'Maio'),
(304, 2017, 'Junho'),
(305, 2017, 'Julho'),
(306, 2017, 'Agosto'),
(307, 2017, 'Setembro'),
(308, 2017, 'Outubro'),
(309, 2017, 'Novembro'),
(310, 2017, 'Dezembro'),
(311, 2017, 'Inexistente'),
(312, 2018, 'Janeiro'),
(313, 2018, 'Fevereiro'),
(314, 2018, 'Março'),
(315, 2018, 'Abril'),
(316, 2018, 'Maio'),
(317, 2018, 'Junho'),
(318, 2018, 'Julho'),
(319, 2018, 'Agosto'),
(320, 2018, 'Setembro'),
(321, 2018, 'Outubro'),
(322, 2018, 'Novembro'),
(323, 2018, 'Dezembro'),
(324, 2018, 'Inexistente');

-- --------------------------------------------------------

--
-- Estrutura da tabela `desmatamento`
--

CREATE TABLE `desmatamento` (
  `ID_data` int(3) DEFAULT NULL,
  `UF` varchar(2) DEFAULT NULL,
  `Bioma` varchar(14) DEFAULT NULL,
  `Area_desmatada_hec` varchar(18) DEFAULT NULL
)

--
-- Extraindo dados da tabela `desmatamento`
--

INSERT INTO `desmatamento` (`ID_data`, `UF`, `Bioma`, `Area_desmatada_hec`) VALUES
(246, 'AC', 'Amazônia Legal', '2074194.28'),
(246, 'AP', 'Amazônia Legal', '300224.71'),
(246, 'AM', 'Amazônia Legal', '3509103.62'),
(246, 'MA', 'Amazônia Legal', '10792084.54'),
(246, 'MT', 'Amazônia Legal', '20828885.18'),
(246, 'PA', 'Amazônia Legal', '25390530.66'),
(246, 'RO', 'Amazônia Legal', '8605776.5'),
(246, 'RR', 'Amazônia Legal', '977165.84'),
(246, 'TO', 'Amazônia Legal', '3023086.37'),
(259, 'AC', 'Amazônia Legal', '20024'),
(259, 'AP', 'Amazônia Legal', '2478.37'),
(259, 'AM', 'Amazônia Legal', '48097.35'),
(259, 'MA', 'Amazônia Legal', '29739.34'),
(259, 'MT', 'Amazônia Legal', '110654.39'),
(259, 'PA', 'Amazônia Legal', '210086.32'),
(259, 'RO', 'Amazônia Legal', '96388.66'),
(259, 'RR', 'Amazônia Legal', '14841.41'),
(259, 'TO', 'Amazônia Legal', '7711.6'),
(272, 'AC', 'Amazônia Legal', '34860.95'),
(272, 'AP', 'Amazônia Legal', '2910.54'),
(272, 'AM', 'Amazônia Legal', '55282.43'),
(272, 'MA', 'Amazônia Legal', '28636.54'),
(272, 'MT', 'Amazônia Legal', '110620.99'),
(272, 'PA', 'Amazônia Legal', '179688.99'),
(272, 'RO', 'Amazônia Legal', '76130.2'),
(272, 'RR', 'Amazônia Legal', '18905.89'),
(272, 'TO', 'Amazônia Legal', '4506.4'),
(285, 'AC', 'Amazônia Legal', '22300.37'),
(285, 'AP', 'Amazônia Legal', '1910.93'),
(285, 'AM', 'Amazônia Legal', '68735.93'),
(285, 'MA', 'Amazônia Legal', '21741.8'),
(285, 'MT', 'Amazônia Legal', '149552.3'),
(285, 'PA', 'Amazônia Legal', '230509.33'),
(285, 'RO', 'Amazônia Legal', '96072.15'),
(285, 'RR', 'Amazônia Legal', '15429.36'),
(285, 'TO', 'Amazônia Legal', '5530.11'),
(207, 'AL', 'Caatinga', '2877.130951'),
(207, 'BA', 'Caatinga', '61872.16951'),
(207, 'CE', 'Caatinga', '59130.915610000004'),
(207, 'MA', 'Caatinga', '2591.143128'),
(207, 'MG', 'Caatinga', '6134.212018'),
(207, 'PB', 'Caatinga', '18780.15359'),
(207, 'PE', 'Caatinga', '23024.34719'),
(207, 'PI', 'Caatinga', '46489.451610000004'),
(207, 'RN', 'Caatinga', '7448.573115'),
(207, 'SE', 'Caatinga', '2730.000365'),
(207, 'BA', 'Cerrado', '64809.704529999995'),
(233, 'BA', 'Cerrado', '100317.6627'),
(233, 'DF', 'Cerrado', '225.419675'),
(233, 'GO', 'Cerrado', '64071.68095'),
(233, 'MA', 'Cerrado', '131059.3171'),
(233, 'MT', 'Cerrado', '79791.47857'),
(233, 'MS', 'Cerrado', '31178.61371'),
(233, 'MG', 'Cerrado', '72058.74166'),
(116, 'PA', 'Cerrado', '808.22556'),
(233, 'PR', 'Cerrado', '207.151568'),
(233, 'PI', 'Cerrado', '129227.0467'),
(220, 'RO', 'Cerrado', '5.7244209999999995'),
(233, 'SP', 'Cerrado', '487.14045300000004'),
(233, 'TO', 'Cerrado', '116038.8512'),
(194, 'AL', 'Mata Atlântica', '41019.11826'),
(207, 'BA', 'Mata Atlântica', '6582.300805'),
(207, 'ES', 'Mata Atlântica', '206.711242'),
(207, 'GO', 'Mata Atlântica', '158.600108'),
(207, 'MS', 'Mata Atlântica', '972.9288619999999'),
(207, 'MG', 'Mata Atlântica', '11575.78193'),
(207, 'PR', 'Mata Atlântica', '1408.334595'),
(207, 'PE', 'Mata Atlântica', '28.874019'),
(207, 'RJ', 'Mata Atlântica', '36.669652'),
(207, 'RS', 'Mata Atlântica', '726.677722'),
(207, 'SC', 'Mata Atlântica', '1761.465825'),
(207, 'SE', 'Mata Atlântica', '79.018838'),
(207, 'SP', 'Mata Atlântica', '1334.245048'),
(207, 'RS', 'Pampa', '4593.250683'),
(207, 'MT', 'Pantanal', '8921.559148'),
(207, 'MS', 'Pantanal', '9925.748323');

-- --------------------------------------------------------

--
-- Estrutura da tabela `estados`
--

CREATE TABLE `estados` (
  `UF` varchar(2) DEFAULT NULL,
  `Estado` varchar(19) DEFAULT NULL,
  `Regiao` varchar(12) DEFAULT NULL,
  `Número_habitantes` int(8) DEFAULT NULL
)

--
-- Extraindo dados da tabela `estados`
--

INSERT INTO `estados` (`UF`, `Estado`, `Regiao`, `Número_habitantes`) VALUES
('AC', 'Acre', 'Norte', 795145),
('AL', 'Alagoas', 'Nordeste', 3327551),
('AP', 'Amapá', 'Norte', 756500),
('AM', 'Amazonas', 'Norte', 3893763),
('BA', 'Bahia', 'Nordeste', 15150143),
('CE', 'Ceará', 'Nordeste', 8867448),
('DF', 'Distrito Federal', 'Centro-Oeste', 2867869),
('ES', 'Espírito Santo', 'Sudeste', 3894899),
('GO', 'Goiás', 'Centro-Oeste', 6551322),
('MA', 'Maranhão', 'Nordeste', 6861924),
('MT', 'Mato Grosso', 'Centro-Oeste', 3236578),
('MS', 'Mato Grosso do Sul', 'Centro-Oeste', 2630098),
('MG', 'Minas Gerais', 'Sudeste', 20777672),
('PA', 'Pará', 'Norte', 8101180),
('PB', 'Paraíba', 'Nordeste', 3950359),
('PR', 'Paraná', 'Sul', 11112062),
('PE', 'Pernambuco', 'Nordeste', 9297861),
('PI', 'Piauí', 'Nordeste', 3198185),
('RJ', 'Rio de Janeiro', 'Sudeste', 16497395),
('RN', 'Rio Grande do Norte', 'Nordeste', 3419550),
('RS', 'Rio Grande do Sul', 'Sul', 11228091),
('RO', 'Rondônia', 'Norte', 1755015),
('RR', 'Roraima', 'Norte', 500826),
('SC', 'Santa Catarina', 'Sul', 6734568),
('SP', 'São Paulo', 'Sudeste', 44169350),
('SE', 'Sergipe', 'Nordeste', 2227294),
('TO', 'Tocantins', 'Norte', 1502759);

-- --------------------------------------------------------

--
-- Estrutura da tabela `estado_bioma`
--

CREATE TABLE `estado_bioma` (
  `Bioma` varchar(14) DEFAULT NULL,
  `UF` varchar(2) DEFAULT NULL
)

--
-- Extraindo dados da tabela `estado_bioma`
--

INSERT INTO `estado_bioma` (`Bioma`, `UF`) VALUES
('Caatinga', 'AL'),
('Caatinga', 'BA'),
('Caatinga', 'CE'),
('Caatinga', 'MA'),
('Caatinga', 'MG'),
('Caatinga', 'PB'),
('Caatinga', 'PE'),
('Caatinga', 'PI'),
('Caatinga', 'RN'),
('Caatinga', 'SE'),
('Cerrado', 'BA'),
('Cerrado', 'DF'),
('Cerrado', 'GO'),
('Cerrado', 'MA'),
('Cerrado', 'MT'),
('Cerrado', 'MS'),
('Cerrado', 'MG'),
('Cerrado', 'PA'),
('Cerrado', 'PR'),
('Cerrado', 'PI'),
('Cerrado', 'RO'),
('Cerrado', 'SP'),
('Cerrado', 'TO'),
('Mata Atlântica', 'AL'),
('Mata Atlântica', 'BA'),
('Mata Atlântica', 'ES'),
('Mata Atlântica', 'GO'),
('Mata Atlântica', 'MS'),
('Mata Atlântica', 'MG'),
('Mata Atlântica', 'PB'),
('Mata Atlântica', 'PR'),
('Mata Atlântica', 'PE'),
('Mata Atlântica', 'RJ'),
('Mata Atlântica', 'RN'),
('Mata Atlântica', 'RS'),
('Mata Atlântica', 'SC'),
('Mata Atlântica', 'SE'),
('Mata Atlântica', 'SP'),
('Pampa', 'RS'),
('Pantanal', 'MT'),
('Pantanal', 'MS'),
('Amazônia Legal', 'AC'),
('Amazônia Legal', 'AP'),
('Amazônia Legal', 'AM'),
('Amazônia Legal', 'MA'),
('Amazônia Legal', 'MT'),
('Amazônia Legal', 'PA'),
('Amazônia Legal', 'RO'),
('Amazônia Legal', 'RR'),
('Amazônia Legal', 'TO');

-- --------------------------------------------------------

--
-- Estrutura da tabela `florestas_plantadas`
--

CREATE TABLE `florestas_plantadas` (
  `ID_data` int(3) DEFAULT NULL,
  `UF` varchar(2) DEFAULT NULL,
  `Especie` varchar(11) DEFAULT NULL,
  `Area` decimal(8,1) DEFAULT NULL
)

--
-- Extraindo dados da tabela `florestas_plantadas`
--

INSERT INTO `florestas_plantadas` (`ID_data`, `UF`, `Especie`, `Area`) VALUES
(168, 'MG', 'Eucalipto', '1181429.0'),
(168, 'SP', 'Eucalipto', '915841.0'),
(168, 'MS', 'Eucalipto', '119319.0'),
(168, 'BA', 'Eucalipto', '540172.0'),
(168, 'RS', 'Eucalipto', '184245.0'),
(168, 'ES', 'Eucalipto', '207800.0'),
(168, 'MA', 'Eucalipto', '93285.0'),
(168, 'PR', 'Eucalipto', '121908.0'),
(168, 'MT', 'Eucalipto', '113770.0'),
(168, 'PA', 'Eucalipto', '115806.0'),
(168, 'GO', 'Eucalipto', '98765.0'),
(168, 'TO', 'Eucalipto', '13901.0'),
(168, 'SC', 'Eucalipto', '70341.0'),
(168, 'AP', 'Eucalipto', '58473.0'),
(168, 'PI', 'Eucalipto', '27491.0'),
(181, 'MG', 'Eucalipto', '1218212.0'),
(181, 'SP', 'Eucalipto', '911908.0'),
(181, 'MS', 'Eucalipto', '207687.0'),
(181, 'BA', 'Eucalipto', '550127.0'),
(181, 'RS', 'Eucalipto', '222245.0'),
(181, 'ES', 'Eucalipto', '208819.0'),
(181, 'MA', 'Eucalipto', '106802.0'),
(181, 'PR', 'Eucalipto', '123070.0'),
(181, 'MT', 'Eucalipto', '114854.0'),
(181, 'PA', 'Eucalipto', '126286.0'),
(181, 'GO', 'Eucalipto', '102032.0'),
(181, 'TO', 'Eucalipto', '21655.0'),
(181, 'SC', 'Eucalipto', '74008.0'),
(181, 'AP', 'Eucalipto', '58874.0'),
(181, 'PI', 'Eucalipto', '31588.0'),
(194, 'MG', 'Eucalipto', '1278210.0'),
(194, 'SP', 'Eucalipto', '1001080.0'),
(194, 'MS', 'Eucalipto', '265250.0'),
(194, 'BA', 'Eucalipto', '587610.0'),
(194, 'RS', 'Eucalipto', '277320.0'),
(194, 'ES', 'Eucalipto', '210410.0'),
(194, 'MA', 'Eucalipto', '111120.0'),
(194, 'PR', 'Eucalipto', '142430.0'),
(194, 'MT', 'Eucalipto', '132922.0'),
(194, 'PA', 'Eucalipto', '136290.0'),
(194, 'GO', 'Eucalipto', '113177.0'),
(194, 'TO', 'Eucalipto', '31920.0'),
(194, 'SC', 'Eucalipto', '77440.0'),
(194, 'AP', 'Eucalipto', '63310.0'),
(194, 'PI', 'Eucalipto', '27580.0'),
(207, 'MG', 'Eucalipto', '1300000.0'),
(207, 'SP', 'Eucalipto', '1029670.0'),
(207, 'MS', 'Eucalipto', '290890.0'),
(207, 'BA', 'Eucalipto', '628440.0'),
(207, 'RS', 'Eucalipto', '271980.0'),
(207, 'ES', 'Eucalipto', '204570.0'),
(207, 'MA', 'Eucalipto', '137360.0'),
(207, 'PR', 'Eucalipto', '157920.0'),
(207, 'MT', 'Eucalipto', '147378.0'),
(207, 'PA', 'Eucalipto', '139720.0'),
(207, 'GO', 'Eucalipto', '115286.0'),
(207, 'TO', 'Eucalipto', '44310.0'),
(207, 'SC', 'Eucalipto', '100140.0'),
(207, 'AP', 'Eucalipto', '62880.0'),
(207, 'PI', 'Eucalipto', '28380.0'),
(220, 'MG', 'Eucalipto', '1400000.0'),
(220, 'SP', 'Eucalipto', '1044813.0'),
(220, 'MS', 'Eucalipto', '378195.0'),
(220, 'BA', 'Eucalipto', '631464.0'),
(220, 'RS', 'Eucalipto', '273042.0'),
(220, 'ES', 'Eucalipto', '203885.0'),
(220, 'PR', 'Eucalipto', '161422.0'),
(220, 'MA', 'Eucalipto', '151403.0'),
(220, 'MT', 'Eucalipto', '150646.0'),
(220, 'PA', 'Eucalipto', '148656.0'),
(220, 'GO', 'Eucalipto', '116439.0'),
(220, 'TO', 'Eucalipto', '47542.0'),
(220, 'SC', 'Eucalipto', '102399.0'),
(220, 'AP', 'Eucalipto', '49369.0'),
(220, 'PI', 'Eucalipto', '37025.0'),
(233, 'MG', 'Eucalipto', '1401787.0'),
(233, 'SP', 'Eucalipto', '1031677.0'),
(233, 'MS', 'Eucalipto', '475528.0'),
(233, 'BA', 'Eucalipto', '607440.0'),
(233, 'RS', 'Eucalipto', '280198.0'),
(233, 'ES', 'Eucalipto', '197512.0'),
(233, 'PR', 'Eucalipto', '188153.0'),
(233, 'MA', 'Eucalipto', '165717.0'),
(233, 'MT', 'Eucalipto', '175592.0'),
(233, 'PA', 'Eucalipto', '151378.0'),
(233, 'GO', 'Eucalipto', '118636.0'),
(233, 'TO', 'Eucalipto', '65502.0'),
(233, 'SC', 'Eucalipto', '104686.0'),
(233, 'AP', 'Eucalipto', '50099.0'),
(233, 'PI', 'Eucalipto', '26493.0'),
(246, 'MG', 'Eucalipto', '1438971.0'),
(246, 'SP', 'Eucalipto', '1041695.0'),
(246, 'MS', 'Eucalipto', '587310.0'),
(246, 'BA', 'Eucalipto', '605464.0'),
(246, 'RS', 'Eucalipto', '284701.0'),
(246, 'ES', 'Eucalipto', '203349.0'),
(246, 'PR', 'Eucalipto', '197835.0'),
(246, 'MA', 'Eucalipto', '173324.0'),
(246, 'MT', 'Eucalipto', '184628.0'),
(246, 'PA', 'Eucalipto', '159657.0'),
(246, 'GO', 'Eucalipto', '115567.0'),
(246, 'TO', 'Eucalipto', '109000.0'),
(246, 'SC', 'Eucalipto', '106588.0'),
(246, 'AP', 'Eucalipto', '49506.0'),
(246, 'PI', 'Eucalipto', '27730.0'),
(259, 'MG', 'Eucalipto', '1404429.0'),
(259, 'SP', 'Eucalipto', '1010444.0'),
(259, 'MS', 'Eucalipto', '699128.0'),
(259, 'BA', 'Eucalipto', '623971.0'),
(259, 'RS', 'Eucalipto', '316446.0'),
(259, 'ES', 'Eucalipto', '221559.0'),
(259, 'PR', 'Eucalipto', '200473.0'),
(259, 'MA', 'Eucalipto', '209249.0'),
(259, 'MT', 'Eucalipto', '187090.0'),
(259, 'PA', 'Eucalipto', '159657.0'),
(259, 'GO', 'Eucalipto', '121375.0'),
(259, 'TO', 'Eucalipto', '111131.0'),
(259, 'SC', 'Eucalipto', '107345.0'),
(259, 'AP', 'Eucalipto', '57169.0'),
(259, 'PI', 'Eucalipto', '28053.0'),
(272, 'MG', 'Eucalipto', '1400232.0'),
(272, 'SP', 'Eucalipto', '976186.0'),
(272, 'MS', 'Eucalipto', '803699.0'),
(272, 'BA', 'Eucalipto', '630808.0'),
(272, 'RS', 'Eucalipto', '309125.0'),
(272, 'ES', 'Eucalipto', '228781.0'),
(272, 'PR', 'Eucalipto', '224089.0'),
(272, 'MA', 'Eucalipto', '211334.0'),
(272, 'MT', 'Eucalipto', '187090.0'),
(272, 'PA', 'Eucalipto', '125110.0'),
(272, 'GO', 'Eucalipto', '124297.0'),
(272, 'TO', 'Eucalipto', '115564.0'),
(272, 'SC', 'Eucalipto', '112944.0'),
(272, 'AP', 'Eucalipto', '60025.0'),
(272, 'PI', 'Eucalipto', '31212.0'),
(285, 'MG', 'Eucalipto', '1395032.0'),
(285, 'SP', 'Eucalipto', '976613.0'),
(285, 'MS', 'Eucalipto', '826031.0'),
(285, 'BA', 'Eucalipto', '614390.0'),
(285, 'RS', 'Eucalipto', '308515.0'),
(285, 'ES', 'Eucalipto', '227222.0'),
(285, 'PR', 'Eucalipto', '285125.0'),
(285, 'MA', 'Eucalipto', '210496.0'),
(285, 'MT', 'Eucalipto', '185219.0'),
(285, 'PA', 'Eucalipto', '130431.0'),
(285, 'GO', 'Eucalipto', '127201.0'),
(285, 'TO', 'Eucalipto', '116365.0'),
(285, 'SC', 'Eucalipto', '116250.0'),
(285, 'AP', 'Eucalipto', '63026.0'),
(285, 'PI', 'Eucalipto', '29333.0'),
(298, 'MG', 'Eucalipto', '1390032.0'),
(298, 'SP', 'Eucalipto', '946124.0'),
(298, 'MS', 'Eucalipto', '877795.0'),
(298, 'BA', 'Eucalipto', '612199.0'),
(298, 'RS', 'Eucalipto', '308178.0'),
(298, 'ES', 'Eucalipto', '233760.0'),
(298, 'PR', 'Eucalipto', '294050.0'),
(298, 'MA', 'Eucalipto', '221859.0'),
(298, 'MT', 'Eucalipto', '185219.0'),
(298, 'PA', 'Eucalipto', '133996.0'),
(298, 'GO', 'Eucalipto', '127201.0'),
(298, 'TO', 'Eucalipto', '116798.0'),
(298, 'SC', 'Eucalipto', '116240.0'),
(298, 'AP', 'Eucalipto', '65026.0'),
(298, 'PI', 'Eucalipto', '26068.0'),
(220, 'NI', 'Seringueira', '159500.0'),
(233, 'NI', 'Seringueira', '165648.0'),
(246, 'NI', 'Seringueira', '168848.0'),
(259, 'NI', 'Seringueira', '172448.0'),
(272, 'NI', 'Seringueira', '229059.0'),
(285, 'NI', 'Seringueira', '229059.0'),
(298, 'NI', 'Seringueira', '229964.0');

-- --------------------------------------------------------

--
-- Estrutura da tabela `queimadas`
--

CREATE TABLE `queimadas` (
  `ID_data` int(3) DEFAULT NULL,
  `UF` varchar(2) DEFAULT NULL,
  `Qnt_focos` int(5) DEFAULT NULL
)

--
-- Extraindo dados da tabela `queimadas`
--

INSERT INTO `queimadas` (`ID_data`, `UF`, `Qnt_focos`) VALUES
(52, 'AC', 0),
(65, 'AC', 0),
(78, 'AC', 0),
(91, 'AC', 0),
(104, 'AC', 0),
(117, 'AC', 10),
(130, 'AC', 0),
(143, 'AC', 12),
(156, 'AC', 4),
(169, 'AC', 0),
(182, 'AC', 0),
(195, 'AC', 0),
(208, 'AC', 1),
(221, 'AC', 0),
(234, 'AC', 0),
(247, 'AC', 0),
(260, 'AC', 0),
(273, 'AC', 1),
(286, 'AC', 12),
(299, 'AC', 0),
(53, 'AC', 0),
(66, 'AC', 0),
(79, 'AC', 0),
(92, 'AC', 0),
(105, 'AC', 1),
(118, 'AC', 0),
(131, 'AC', 3),
(144, 'AC', 0),
(157, 'AC', 0),
(170, 'AC', 5),
(183, 'AC', 0),
(196, 'AC', 2),
(209, 'AC', 0),
(222, 'AC', 0),
(235, 'AC', 0),
(248, 'AC', 0),
(261, 'AC', 0),
(274, 'AC', 2),
(287, 'AC', 5),
(300, 'AC', 1),
(54, 'AC', 0),
(67, 'AC', 0),
(80, 'AC', 11),
(93, 'AC', 0),
(106, 'AC', 0),
(119, 'AC', 0),
(132, 'AC', 0),
(145, 'AC', 3),
(158, 'AC', 0),
(171, 'AC', 2),
(184, 'AC', 0),
(197, 'AC', 1),
(210, 'AC', 0),
(223, 'AC', 0),
(236, 'AC', 1),
(249, 'AC', 2),
(262, 'AC', 1),
(275, 'AC', 2),
(288, 'AC', 0),
(301, 'AC', 0),
(55, 'AC', 0),
(68, 'AC', 0),
(81, 'AC', 1),
(94, 'AC', 0),
(107, 'AC', 0),
(120, 'AC', 1),
(133, 'AC', 2),
(146, 'AC', 1),
(159, 'AC', 0),
(172, 'AC', 0),
(185, 'AC', 0),
(198, 'AC', 0),
(211, 'AC', 3),
(224, 'AC', 2),
(237, 'AC', 1),
(250, 'AC', 19),
(263, 'AC', 7),
(276, 'AC', 3),
(289, 'AC', 0),
(302, 'AC', 1),
(56, 'AC', 0),
(69, 'AC', 0),
(82, 'AC', 1),
(95, 'AC', 0),
(108, 'AC', 0),
(121, 'AC', 6),
(134, 'AC', 7),
(147, 'AC', 2),
(160, 'AC', 8),
(173, 'AC', 1),
(186, 'AC', 0),
(199, 'AC', 3),
(212, 'AC', 9),
(225, 'AC', 3),
(238, 'AC', 3),
(251, 'AC', 4),
(264, 'AC', 1),
(277, 'AC', 2),
(290, 'AC', 21),
(303, 'AC', 10),
(57, 'AC', 3),
(70, 'AC', 0),
(83, 'AC', 1),
(96, 'AC', 1),
(109, 'AC', 0),
(122, 'AC', 0),
(135, 'AC', 5),
(148, 'AC', 27),
(161, 'AC', 1),
(174, 'AC', 4),
(187, 'AC', 0),
(200, 'AC', 0),
(213, 'AC', 1),
(226, 'AC', 10),
(239, 'AC', 7),
(252, 'AC', 8),
(265, 'AC', 17),
(278, 'AC', 40),
(291, 'AC', 87),
(304, 'AC', 45),
(58, 'AC', 37),
(71, 'AC', 1),
(84, 'AC', 1),
(97, 'AC', 3),
(110, 'AC', 39),
(123, 'AC', 168),
(136, 'AC', 42),
(149, 'AC', 368),
(162, 'AC', 33),
(175, 'AC', 29),
(188, 'AC', 41),
(201, 'AC', 31),
(214, 'AC', 126),
(227, 'AC', 93),
(240, 'AC', 71),
(253, 'AC', 54),
(266, 'AC', 60),
(279, 'AC', 109),
(292, 'AC', 533),
(305, 'AC', 457),
(59, 'AC', 130),
(72, 'AC', 63),
(85, 'AC', 136),
(98, 'AC', 396),
(111, 'AC', 728),
(124, 'AC', 1976),
(137, 'AC', 645),
(150, 'AC', 4198),
(163, 'AC', 839),
(176, 'AC', 960),
(189, 'AC', 445),
(202, 'AC', 194),
(215, 'AC', 1682),
(228, 'AC', 425),
(241, 'AC', 739),
(254, 'AC', 679),
(267, 'AC', 11),
(280, 'AC', 1397),
(293, 'AC', 2188),
(306, 'AC', 1493),
(60, 'AC', 509),
(73, 'AC', 209),
(86, 'AC', 265),
(99, 'AC', 290),
(112, 'AC', 1949),
(125, 'AC', 3942),
(138, 'AC', 1978),
(151, 'AC', 4253),
(164, 'AC', 237),
(177, 'AC', 208),
(190, 'AC', 1666),
(203, 'AC', 1265),
(216, 'AC', 2531),
(229, 'AC', 1204),
(242, 'AC', 1996),
(255, 'AC', 2136),
(268, 'AC', 2175),
(281, 'AC', 2928),
(294, 'AC', 3586),
(307, 'AC', 3429),
(61, 'AC', 44),
(74, 'AC', 60),
(87, 'AC', 18),
(100, 'AC', 137),
(113, 'AC', 687),
(126, 'AC', 740),
(139, 'AC', 461),
(152, 'AC', 547),
(165, 'AC', 316),
(178, 'AC', 203),
(191, 'AC', 652),
(204, 'AC', 565),
(217, 'AC', 292),
(230, 'AC', 97),
(243, 'AC', 348),
(256, 'AC', 258),
(269, 'AC', 406),
(282, 'AC', 905),
(295, 'AC', 509),
(308, 'AC', 1508),
(62, 'AC', 0),
(75, 'AC', 0),
(88, 'AC', 0),
(101, 'AC', 1),
(114, 'AC', 86),
(127, 'AC', 15),
(140, 'AC', 10),
(153, 'AC', 14),
(166, 'AC', 18),
(179, 'AC', 7),
(192, 'AC', 4),
(205, 'AC', 33),
(218, 'AC', 39),
(231, 'AC', 74),
(244, 'AC', 13),
(257, 'AC', 79),
(270, 'AC', 56),
(283, 'AC', 115),
(296, 'AC', 46),
(309, 'AC', 98),
(63, 'AC', 7),
(76, 'AC', 0),
(89, 'AC', 0),
(102, 'AC', 0),
(115, 'AC', 1),
(128, 'AC', 1),
(141, 'AC', 7),
(154, 'AC', 2),
(167, 'AC', 0),
(180, 'AC', 0),
(193, 'AC', 0),
(206, 'AC', 1),
(219, 'AC', 0),
(232, 'AC', 4),
(245, 'AC', 1),
(258, 'AC', 3),
(271, 'AC', 6),
(284, 'AC', 8),
(297, 'AC', 6),
(52, 'AL', 0),
(65, 'AL', 58),
(78, 'AL', 11),
(91, 'AL', 5),
(104, 'AL', 12),
(117, 'AL', 150),
(130, 'AL', 9),
(143, 'AL', 83),
(156, 'AL', 29),
(169, 'AL', 33),
(182, 'AL', 55),
(195, 'AL', 104),
(208, 'AL', 23),
(221, 'AL', 41),
(234, 'AL', 36),
(247, 'AL', 49),
(260, 'AL', 54),
(273, 'AL', 81),
(286, 'AL', 24),
(299, 'AL', 38),
(53, 'AL', 0),
(66, 'AL', 20),
(79, 'AL', 16),
(92, 'AL', 4),
(105, 'AL', 15),
(118, 'AL', 33),
(131, 'AL', 7),
(144, 'AL', 31),
(157, 'AL', 14),
(170, 'AL', 28),
(183, 'AL', 74),
(196, 'AL', 32),
(209, 'AL', 26),
(222, 'AL', 33),
(235, 'AL', 41),
(248, 'AL', 19),
(261, 'AL', 29),
(274, 'AL', 46),
(287, 'AL', 14),
(300, 'AL', 21),
(54, 'AL', 0),
(67, 'AL', 52),
(80, 'AL', 32),
(93, 'AL', 0),
(106, 'AL', 27),
(119, 'AL', 15),
(132, 'AL', 16),
(145, 'AL', 35),
(158, 'AL', 37),
(171, 'AL', 7),
(184, 'AL', 31),
(197, 'AL', 31),
(210, 'AL', 70),
(223, 'AL', 34),
(236, 'AL', 44),
(249, 'AL', 31),
(262, 'AL', 28),
(275, 'AL', 32),
(288, 'AL', 9),
(301, 'AL', 23),
(55, 'AL', 0),
(68, 'AL', 4),
(81, 'AL', 20),
(94, 'AL', 0),
(107, 'AL', 6),
(120, 'AL', 20),
(133, 'AL', 6),
(146, 'AL', 1),
(159, 'AL', 2),
(172, 'AL', 1),
(185, 'AL', 18),
(198, 'AL', 5),
(211, 'AL', 3),
(224, 'AL', 17),
(237, 'AL', 18),
(250, 'AL', 25),
(263, 'AL', 16),
(276, 'AL', 63),
(289, 'AL', 13),
(302, 'AL', 7),
(56, 'AL', 0),
(69, 'AL', 1),
(82, 'AL', 1),
(95, 'AL', 2),
(108, 'AL', 1),
(121, 'AL', 1),
(134, 'AL', 3),
(147, 'AL', 0),
(160, 'AL', 0),
(173, 'AL', 0),
(186, 'AL', 0),
(199, 'AL', 0),
(212, 'AL', 0),
(225, 'AL', 0),
(238, 'AL', 21),
(251, 'AL', 2),
(264, 'AL', 1),
(277, 'AL', 18),
(290, 'AL', 4),
(303, 'AL', 1),
(57, 'AL', 0),
(70, 'AL', 0),
(83, 'AL', 0),
(96, 'AL', 2),
(109, 'AL', 0),
(122, 'AL', 0),
(135, 'AL', 0),
(148, 'AL', 0),
(161, 'AL', 0),
(174, 'AL', 0),
(187, 'AL', 0),
(200, 'AL', 0),
(213, 'AL', 0),
(226, 'AL', 2),
(239, 'AL', 4),
(252, 'AL', 1),
(265, 'AL', 2),
(278, 'AL', 2),
(291, 'AL', 5),
(304, 'AL', 2),
(58, 'AL', 0),
(71, 'AL', 0),
(84, 'AL', 0),
(97, 'AL', 0),
(110, 'AL', 5),
(123, 'AL', 0),
(136, 'AL', 0),
(149, 'AL', 0),
(162, 'AL', 0),
(175, 'AL', 0),
(188, 'AL', 0),
(201, 'AL', 0),
(214, 'AL', 2),
(227, 'AL', 0),
(240, 'AL', 0),
(253, 'AL', 0),
(266, 'AL', 1),
(279, 'AL', 0),
(292, 'AL', 3),
(305, 'AL', 0),
(59, 'AL', 1),
(72, 'AL', 3),
(85, 'AL', 4),
(98, 'AL', 1),
(111, 'AL', 3),
(124, 'AL', 2),
(137, 'AL', 2),
(150, 'AL', 2),
(163, 'AL', 1),
(176, 'AL', 3),
(189, 'AL', 1),
(202, 'AL', 0),
(215, 'AL', 1),
(228, 'AL', 4),
(241, 'AL', 0),
(254, 'AL', 0),
(267, 'AL', 3),
(280, 'AL', 3),
(293, 'AL', 5),
(306, 'AL', 1),
(60, 'AL', 14),
(73, 'AL', 3),
(86, 'AL', 22),
(99, 'AL', 5),
(112, 'AL', 14),
(125, 'AL', 8),
(138, 'AL', 5),
(151, 'AL', 7),
(164, 'AL', 4),
(177, 'AL', 2),
(190, 'AL', 9),
(203, 'AL', 13),
(216, 'AL', 5),
(229, 'AL', 5),
(242, 'AL', 6),
(255, 'AL', 4),
(268, 'AL', 11),
(281, 'AL', 7),
(294, 'AL', 18),
(307, 'AL', 4),
(61, 'AL', 20),
(74, 'AL', 4),
(87, 'AL', 13),
(100, 'AL', 15),
(113, 'AL', 30),
(126, 'AL', 10),
(139, 'AL', 12),
(152, 'AL', 17),
(165, 'AL', 32),
(178, 'AL', 6),
(191, 'AL', 18),
(204, 'AL', 30),
(217, 'AL', 16),
(230, 'AL', 23),
(243, 'AL', 28),
(256, 'AL', 25),
(269, 'AL', 7),
(282, 'AL', 40),
(295, 'AL', 74),
(308, 'AL', 14),
(62, 'AL', 19),
(75, 'AL', 15),
(88, 'AL', 2),
(101, 'AL', 22),
(114, 'AL', 50),
(127, 'AL', 17),
(140, 'AL', 28),
(153, 'AL', 25),
(166, 'AL', 12),
(179, 'AL', 15),
(192, 'AL', 37),
(205, 'AL', 55),
(218, 'AL', 31),
(231, 'AL', 23),
(244, 'AL', 95),
(257, 'AL', 10),
(270, 'AL', 14),
(283, 'AL', 162),
(296, 'AL', 76),
(309, 'AL', 10),
(63, 'AL', 32),
(76, 'AL', 12),
(89, 'AL', 2),
(102, 'AL', 30),
(115, 'AL', 95),
(128, 'AL', 43),
(141, 'AL', 71),
(154, 'AL', 16),
(167, 'AL', 30),
(180, 'AL', 33),
(193, 'AL', 34),
(206, 'AL', 55),
(219, 'AL', 45),
(232, 'AL', 50),
(245, 'AL', 59),
(258, 'AL', 42),
(271, 'AL', 24),
(284, 'AL', 136),
(297, 'AL', 155),
(52, 'AM', 0),
(65, 'AM', 3),
(78, 'AM', 7),
(91, 'AM', 3),
(104, 'AM', 17),
(117, 'AM', 158),
(130, 'AM', 123),
(143, 'AM', 44),
(156, 'AM', 20),
(169, 'AM', 37),
(182, 'AM', 16),
(195, 'AM', 9),
(208, 'AM', 82),
(221, 'AM', 53),
(234, 'AM', 6),
(247, 'AM', 37),
(260, 'AM', 46),
(273, 'AM', 35),
(286, 'AM', 770),
(299, 'AM', 65),
(53, 'AM', 0),
(66, 'AM', 43),
(79, 'AM', 62),
(92, 'AM', 8),
(105, 'AM', 2),
(118, 'AM', 62),
(131, 'AM', 92),
(144, 'AM', 6),
(157, 'AM', 10),
(170, 'AM', 92),
(183, 'AM', 32),
(196, 'AM', 3),
(209, 'AM', 81),
(222, 'AM', 30),
(235, 'AM', 25),
(248, 'AM', 16),
(261, 'AM', 49),
(274, 'AM', 107),
(287, 'AM', 275),
(300, 'AM', 52),
(54, 'AM', 0),
(67, 'AM', 7),
(80, 'AM', 69),
(93, 'AM', 6),
(106, 'AM', 5),
(119, 'AM', 64),
(132, 'AM', 6),
(145, 'AM', 12),
(158, 'AM', 20),
(171, 'AM', 6),
(184, 'AM', 10),
(197, 'AM', 11),
(210, 'AM', 116),
(223, 'AM', 49),
(236, 'AM', 17),
(249, 'AM', 49),
(262, 'AM', 50),
(275, 'AM', 46),
(288, 'AM', 140),
(301, 'AM', 45),
(55, 'AM', 0),
(68, 'AM', 2),
(81, 'AM', 18),
(94, 'AM', 1),
(107, 'AM', 2),
(120, 'AM', 11),
(133, 'AM', 4),
(146, 'AM', 5),
(159, 'AM', 5),
(172, 'AM', 0),
(185, 'AM', 13),
(198, 'AM', 1),
(211, 'AM', 11),
(224, 'AM', 5),
(237, 'AM', 3),
(250, 'AM', 20),
(263, 'AM', 25),
(276, 'AM', 24),
(289, 'AM', 22),
(302, 'AM', 20),
(56, 'AM', 0),
(69, 'AM', 0),
(82, 'AM', 51),
(95, 'AM', 0),
(108, 'AM', 8),
(121, 'AM', 2),
(134, 'AM', 0),
(147, 'AM', 8),
(160, 'AM', 4),
(173, 'AM', 0),
(186, 'AM', 1),
(199, 'AM', 3),
(212, 'AM', 13),
(225, 'AM', 6),
(238, 'AM', 12),
(251, 'AM', 19),
(264, 'AM', 12),
(277, 'AM', 10),
(290, 'AM', 30),
(303, 'AM', 40),
(57, 'AM', 2),
(70, 'AM', 7),
(83, 'AM', 6),
(96, 'AM', 5),
(109, 'AM', 5),
(122, 'AM', 3),
(135, 'AM', 12),
(148, 'AM', 78),
(161, 'AM', 9),
(174, 'AM', 23),
(187, 'AM', 7),
(200, 'AM', 13),
(213, 'AM', 9),
(226, 'AM', 22),
(239, 'AM', 45),
(252, 'AM', 56),
(265, 'AM', 74),
(278, 'AM', 33),
(291, 'AM', 90),
(304, 'AM', 119),
(58, 'AM', 71),
(71, 'AM', 11),
(84, 'AM', 39),
(97, 'AM', 9),
(110, 'AM', 146),
(123, 'AM', 180),
(136, 'AM', 177),
(149, 'AM', 676),
(162, 'AM', 123),
(175, 'AM', 116),
(188, 'AM', 108),
(201, 'AM', 199),
(214, 'AM', 640),
(227, 'AM', 271),
(240, 'AM', 234),
(253, 'AM', 248),
(266, 'AM', 202),
(279, 'AM', 356),
(292, 'AM', 1137),
(305, 'AM', 1975),
(59, 'AM', 321),
(72, 'AM', 259),
(85, 'AM', 180),
(98, 'AM', 501),
(111, 'AM', 741),
(124, 'AM', 1867),
(137, 'AM', 1207),
(150, 'AM', 2316),
(163, 'AM', 1422),
(176, 'AM', 2241),
(189, 'AM', 861),
(202, 'AM', 1321),
(215, 'AM', 3727),
(228, 'AM', 1243),
(241, 'AM', 3011),
(254, 'AM', 1276),
(267, 'AM', 3852),
(280, 'AM', 4564),
(293, 'AM', 3611),
(306, 'AM', 6316),
(60, 'AM', 267),
(73, 'AM', 216),
(86, 'AM', 189),
(99, 'AM', 166),
(112, 'AM', 928),
(125, 'AM', 1401),
(138, 'AM', 911),
(151, 'AM', 2812),
(164, 'AM', 2218),
(177, 'AM', 136),
(190, 'AM', 998),
(203, 'AM', 3091),
(216, 'AM', 2781),
(229, 'AM', 1295),
(242, 'AM', 2392),
(255, 'AM', 1739),
(268, 'AM', 3057),
(281, 'AM', 5882),
(294, 'AM', 3119),
(307, 'AM', 4033),
(61, 'AM', 83),
(74, 'AM', 479),
(87, 'AM', 145),
(100, 'AM', 332),
(113, 'AM', 695),
(126, 'AM', 725),
(139, 'AM', 710),
(152, 'AM', 545),
(165, 'AM', 721),
(178, 'AM', 215),
(191, 'AM', 632),
(204, 'AM', 2189),
(217, 'AM', 889),
(230, 'AM', 694),
(243, 'AM', 1238),
(256, 'AM', 1202),
(269, 'AM', 952),
(282, 'AM', 2494),
(295, 'AM', 2105),
(308, 'AM', 1581),
(62, 'AM', 6),
(75, 'AM', 32),
(88, 'AM', 27),
(101, 'AM', 244),
(114, 'AM', 259),
(127, 'AM', 169),
(140, 'AM', 209),
(153, 'AM', 261),
(166, 'AM', 59),
(179, 'AM', 90),
(192, 'AM', 39),
(205, 'AM', 973),
(218, 'AM', 354),
(231, 'AM', 399),
(244, 'AM', 682),
(257, 'AM', 220),
(270, 'AM', 676),
(283, 'AM', 1054),
(296, 'AM', 591),
(309, 'AM', 552),
(63, 'AM', 196),
(76, 'AM', 2),
(89, 'AM', 60),
(102, 'AM', 22),
(115, 'AM', 44),
(128, 'AM', 147),
(141, 'AM', 53),
(154, 'AM', 17),
(167, 'AM', 23),
(180, 'AM', 7),
(193, 'AM', 0),
(206, 'AM', 102),
(219, 'AM', 123),
(232, 'AM', 121),
(245, 'AM', 80),
(258, 'AM', 236),
(271, 'AM', 293),
(284, 'AM', 565),
(297, 'AM', 133),
(52, 'BA', 0),
(65, 'BA', 114),
(78, 'BA', 31),
(91, 'BA', 24),
(104, 'BA', 125),
(117, 'BA', 439),
(130, 'BA', 158),
(143, 'BA', 303),
(156, 'BA', 225),
(169, 'BA', 373),
(182, 'BA', 314),
(195, 'BA', 177),
(208, 'BA', 297),
(221, 'BA', 101),
(234, 'BA', 179),
(247, 'BA', 125),
(260, 'BA', 132),
(273, 'BA', 256),
(286, 'BA', 285),
(299, 'BA', 154),
(53, 'BA', 0),
(66, 'BA', 157),
(79, 'BA', 32),
(92, 'BA', 101),
(105, 'BA', 204),
(118, 'BA', 223),
(131, 'BA', 122),
(144, 'BA', 143),
(157, 'BA', 277),
(170, 'BA', 113),
(183, 'BA', 235),
(196, 'BA', 117),
(209, 'BA', 206),
(222, 'BA', 156),
(235, 'BA', 200),
(248, 'BA', 231),
(261, 'BA', 107),
(274, 'BA', 143),
(287, 'BA', 418),
(300, 'BA', 100),
(54, 'BA', 0),
(67, 'BA', 83),
(80, 'BA', 65),
(93, 'BA', 4),
(106, 'BA', 146),
(119, 'BA', 274),
(132, 'BA', 115),
(145, 'BA', 158),
(158, 'BA', 199),
(171, 'BA', 141),
(184, 'BA', 135),
(197, 'BA', 249),
(210, 'BA', 156),
(223, 'BA', 90),
(236, 'BA', 404),
(249, 'BA', 363),
(262, 'BA', 148),
(275, 'BA', 229),
(288, 'BA', 281),
(301, 'BA', 163),
(55, 'BA', 0),
(68, 'BA', 55),
(81, 'BA', 23),
(94, 'BA', 26),
(107, 'BA', 110),
(120, 'BA', 376),
(133, 'BA', 89),
(146, 'BA', 76),
(159, 'BA', 60),
(172, 'BA', 64),
(185, 'BA', 151),
(198, 'BA', 40),
(211, 'BA', 103),
(224, 'BA', 149),
(237, 'BA', 396),
(250, 'BA', 108),
(263, 'BA', 183),
(276, 'BA', 190),
(289, 'BA', 217),
(302, 'BA', 94),
(56, 'BA', 0),
(69, 'BA', 76),
(82, 'BA', 71),
(95, 'BA', 85),
(108, 'BA', 166),
(121, 'BA', 106),
(134, 'BA', 124),
(147, 'BA', 120),
(160, 'BA', 43),
(173, 'BA', 161),
(186, 'BA', 56),
(199, 'BA', 34),
(212, 'BA', 198),
(225, 'BA', 189),
(238, 'BA', 326),
(251, 'BA', 141),
(264, 'BA', 224),
(277, 'BA', 144),
(290, 'BA', 259),
(303, 'BA', 121),
(57, 'BA', 55),
(70, 'BA', 64),
(83, 'BA', 178),
(96, 'BA', 98),
(109, 'BA', 118),
(122, 'BA', 140),
(135, 'BA', 289),
(148, 'BA', 211),
(161, 'BA', 68),
(174, 'BA', 270),
(187, 'BA', 72),
(200, 'BA', 92),
(213, 'BA', 192),
(226, 'BA', 345),
(239, 'BA', 385),
(252, 'BA', 208),
(265, 'BA', 243),
(278, 'BA', 242),
(291, 'BA', 416),
(304, 'BA', 329),
(58, 'BA', 219),
(71, 'BA', 107),
(84, 'BA', 202),
(97, 'BA', 248),
(110, 'BA', 549),
(123, 'BA', 261),
(136, 'BA', 310),
(149, 'BA', 269),
(162, 'BA', 229),
(175, 'BA', 811),
(188, 'BA', 271),
(201, 'BA', 321),
(214, 'BA', 519),
(227, 'BA', 578),
(240, 'BA', 906),
(253, 'BA', 362),
(266, 'BA', 249),
(279, 'BA', 306),
(292, 'BA', 345),
(305, 'BA', 300),
(59, 'BA', 815),
(72, 'BA', 453),
(85, 'BA', 633),
(98, 'BA', 979),
(111, 'BA', 1827),
(124, 'BA', 1039),
(137, 'BA', 143),
(150, 'BA', 948),
(163, 'BA', 995),
(176, 'BA', 3734),
(189, 'BA', 611),
(202, 'BA', 439),
(215, 'BA', 2423),
(228, 'BA', 1795),
(241, 'BA', 1835),
(254, 'BA', 610),
(267, 'BA', 674),
(280, 'BA', 829),
(293, 'BA', 724),
(306, 'BA', 1018),
(60, 'BA', 2718),
(73, 'BA', 1275),
(86, 'BA', 2285),
(99, 'BA', 3964),
(112, 'BA', 6439),
(125, 'BA', 8847),
(138, 'BA', 6433),
(151, 'BA', 4066),
(164, 'BA', 3006),
(177, 'BA', 7438),
(190, 'BA', 4837),
(203, 'BA', 361),
(216, 'BA', 5323),
(229, 'BA', 7086),
(242, 'BA', 7495),
(255, 'BA', 2681),
(268, 'BA', 2604),
(281, 'BA', 7956),
(294, 'BA', 1819),
(307, 'BA', 1791),
(61, 'BA', 1969),
(74, 'BA', 1307),
(87, 'BA', 335),
(100, 'BA', 1687),
(113, 'BA', 5414),
(126, 'BA', 4264),
(139, 'BA', 481),
(152, 'BA', 8405),
(165, 'BA', 2079),
(178, 'BA', 4981),
(191, 'BA', 7691),
(204, 'BA', 2552),
(217, 'BA', 5264),
(230, 'BA', 2166),
(243, 'BA', 4607),
(256, 'BA', 1969),
(269, 'BA', 2763),
(282, 'BA', 4989),
(295, 'BA', 1415),
(308, 'BA', 4005),
(62, 'BA', 49),
(75, 'BA', 49),
(88, 'BA', 114),
(101, 'BA', 699),
(114, 'BA', 102),
(127, 'BA', 533),
(140, 'BA', 1736),
(153, 'BA', 1595),
(166, 'BA', 239),
(179, 'BA', 2126),
(192, 'BA', 3175),
(205, 'BA', 402),
(218, 'BA', 605),
(231, 'BA', 176),
(244, 'BA', 168),
(257, 'BA', 288),
(270, 'BA', 348),
(283, 'BA', 1705),
(296, 'BA', 408),
(309, 'BA', 174),
(63, 'BA', 82),
(76, 'BA', 37),
(89, 'BA', 24),
(102, 'BA', 158),
(115, 'BA', 848),
(128, 'BA', 710),
(141, 'BA', 423),
(154, 'BA', 116),
(167, 'BA', 169),
(180, 'BA', 259),
(193, 'BA', 52),
(206, 'BA', 308),
(219, 'BA', 226),
(232, 'BA', 230),
(245, 'BA', 477),
(258, 'BA', 131),
(271, 'BA', 144),
(284, 'BA', 1408),
(297, 'BA', 164),
(52, 'DF', 0),
(65, 'DF', 0),
(78, 'DF', 0),
(91, 'DF', 0),
(104, 'DF', 0),
(117, 'DF', 0),
(130, 'DF', 0),
(143, 'DF', 0),
(156, 'DF', 0),
(169, 'DF', 0),
(182, 'DF', 0),
(195, 'DF', 1),
(208, 'DF', 2),
(221, 'DF', 2),
(234, 'DF', 0),
(247, 'DF', 0),
(260, 'DF', 0),
(273, 'DF', 1),
(286, 'DF', 1),
(299, 'DF', 1),
(53, 'DF', 0),
(66, 'DF', 2),
(79, 'DF', 0),
(92, 'DF', 1),
(105, 'DF', 0),
(118, 'DF', 1),
(131, 'DF', 0),
(144, 'DF', 0),
(157, 'DF', 0),
(170, 'DF', 0),
(183, 'DF', 0),
(196, 'DF', 0),
(209, 'DF', 4),
(222, 'DF', 1),
(235, 'DF', 0),
(248, 'DF', 1),
(261, 'DF', 1),
(274, 'DF', 0),
(287, 'DF', 2),
(300, 'DF', 0),
(54, 'DF', 0),
(67, 'DF', 0),
(80, 'DF', 0),
(93, 'DF', 0),
(106, 'DF', 0),
(119, 'DF', 0),
(132, 'DF', 0),
(145, 'DF', 0),
(158, 'DF', 0),
(171, 'DF', 1),
(184, 'DF', 2),
(197, 'DF', 0),
(210, 'DF', 0),
(223, 'DF', 0),
(236, 'DF', 0),
(249, 'DF', 1),
(262, 'DF', 1),
(275, 'DF', 0),
(288, 'DF', 1),
(301, 'DF', 0),
(55, 'DF', 0),
(68, 'DF', 0),
(81, 'DF', 0),
(94, 'DF', 0),
(107, 'DF', 1),
(120, 'DF', 0),
(133, 'DF', 1),
(146, 'DF', 0),
(159, 'DF', 0),
(172, 'DF', 0),
(185, 'DF', 1),
(198, 'DF', 0),
(211, 'DF', 8),
(224, 'DF', 1),
(237, 'DF', 4),
(250, 'DF', 1),
(263, 'DF', 2),
(276, 'DF', 0),
(289, 'DF', 5),
(302, 'DF', 1),
(56, 'DF', 0),
(69, 'DF', 0),
(82, 'DF', 2),
(95, 'DF', 0),
(108, 'DF', 1),
(121, 'DF', 0),
(134, 'DF', 9),
(147, 'DF', 2),
(160, 'DF', 3),
(173, 'DF', 4),
(186, 'DF', 6),
(199, 'DF', 9),
(212, 'DF', 23),
(225, 'DF', 3),
(238, 'DF', 0),
(251, 'DF', 2),
(264, 'DF', 9),
(277, 'DF', 2),
(290, 'DF', 15),
(303, 'DF', 6),
(57, 'DF', 2),
(70, 'DF', 3),
(83, 'DF', 1),
(96, 'DF', 3),
(109, 'DF', 7),
(122, 'DF', 11),
(135, 'DF', 6),
(148, 'DF', 3),
(161, 'DF', 2),
(174, 'DF', 21),
(187, 'DF', 0),
(200, 'DF', 4),
(213, 'DF', 21),
(226, 'DF', 18),
(239, 'DF', 6),
(252, 'DF', 4),
(265, 'DF', 6),
(278, 'DF', 1),
(291, 'DF', 42),
(304, 'DF', 23),
(58, 'DF', 17),
(71, 'DF', 4),
(84, 'DF', 15),
(97, 'DF', 22),
(110, 'DF', 33),
(123, 'DF', 19),
(136, 'DF', 37),
(149, 'DF', 24),
(162, 'DF', 10),
(175, 'DF', 25),
(188, 'DF', 12),
(201, 'DF', 33),
(214, 'DF', 85),
(227, 'DF', 53),
(240, 'DF', 29),
(253, 'DF', 22),
(266, 'DF', 27),
(279, 'DF', 15),
(292, 'DF', 79),
(305, 'DF', 44),
(59, 'DF', 48),
(72, 'DF', 16),
(85, 'DF', 9),
(98, 'DF', 25),
(111, 'DF', 53),
(124, 'DF', 36),
(137, 'DF', 108),
(150, 'DF', 20),
(163, 'DF', 40),
(176, 'DF', 137),
(189, 'DF', 30),
(202, 'DF', 37),
(215, 'DF', 159),
(228, 'DF', 61),
(241, 'DF', 55),
(254, 'DF', 34),
(267, 'DF', 99),
(280, 'DF', 53),
(293, 'DF', 29),
(306, 'DF', 147),
(60, 'DF', 33),
(73, 'DF', 12),
(86, 'DF', 3),
(99, 'DF', 12),
(112, 'DF', 33),
(125, 'DF', 17),
(138, 'DF', 100),
(151, 'DF', 23),
(164, 'DF', 20),
(177, 'DF', 73),
(190, 'DF', 54),
(203, 'DF', 5),
(216, 'DF', 196),
(229, 'DF', 133),
(242, 'DF', 64),
(255, 'DF', 31),
(268, 'DF', 72),
(281, 'DF', 76),
(294, 'DF', 58),
(307, 'DF', 122),
(61, 'DF', 3),
(74, 'DF', 8),
(87, 'DF', 18),
(100, 'DF', 0),
(113, 'DF', 19),
(126, 'DF', 12),
(139, 'DF', 18),
(152, 'DF', 18),
(165, 'DF', 1),
(178, 'DF', 13),
(191, 'DF', 6),
(204, 'DF', 3),
(217, 'DF', 6),
(230, 'DF', 0),
(243, 'DF', 15),
(256, 'DF', 3),
(269, 'DF', 34),
(282, 'DF', 21),
(295, 'DF', 9),
(308, 'DF', 66),
(62, 'DF', 0),
(75, 'DF', 1),
(88, 'DF', 0),
(101, 'DF', 0),
(114, 'DF', 1),
(127, 'DF', 0),
(140, 'DF', 0),
(153, 'DF', 2),
(166, 'DF', 0),
(179, 'DF', 0),
(192, 'DF', 4),
(205, 'DF', 0),
(218, 'DF', 0),
(231, 'DF', 1),
(244, 'DF', 0),
(257, 'DF', 0),
(270, 'DF', 0),
(283, 'DF', 3),
(296, 'DF', 1),
(309, 'DF', 0),
(63, 'DF', 0),
(76, 'DF', 0),
(89, 'DF', 0),
(102, 'DF', 1),
(115, 'DF', 1),
(128, 'DF', 0),
(141, 'DF', 0),
(154, 'DF', 0),
(167, 'DF', 0),
(180, 'DF', 0),
(193, 'DF', 0),
(206, 'DF', 0),
(219, 'DF', 1),
(232, 'DF', 0),
(245, 'DF', 0),
(258, 'DF', 2),
(271, 'DF', 0),
(284, 'DF', 0),
(297, 'DF', 0),
(52, 'MT', 0),
(65, 'MT', 39),
(78, 'MT', 44),
(91, 'MT', 44),
(104, 'MT', 172),
(117, 'MT', 896),
(130, 'MT', 301),
(143, 'MT', 438),
(156, 'MT', 947),
(169, 'MT', 476),
(182, 'MT', 245),
(195, 'MT', 527),
(208, 'MT', 298),
(221, 'MT', 171),
(234, 'MT', 166),
(247, 'MT', 269),
(260, 'MT', 315),
(273, 'MT', 960),
(286, 'MT', 374),
(299, 'MT', 482),
(53, 'MT', 0),
(66, 'MT', 28),
(79, 'MT', 35),
(92, 'MT', 54),
(105, 'MT', 22),
(118, 'MT', 592),
(131, 'MT', 272),
(144, 'MT', 871),
(157, 'MT', 383),
(170, 'MT', 213),
(183, 'MT', 180),
(196, 'MT', 248),
(209, 'MT', 431),
(222, 'MT', 119),
(235, 'MT', 193),
(248, 'MT', 375),
(261, 'MT', 199),
(274, 'MT', 542),
(287, 'MT', 105),
(300, 'MT', 337),
(54, 'MT', 0),
(67, 'MT', 18),
(80, 'MT', 60),
(93, 'MT', 24),
(106, 'MT', 103),
(119, 'MT', 554),
(132, 'MT', 743),
(145, 'MT', 362),
(158, 'MT', 448),
(171, 'MT', 476),
(184, 'MT', 180),
(197, 'MT', 325),
(210, 'MT', 605),
(223, 'MT', 252),
(236, 'MT', 423),
(249, 'MT', 563),
(262, 'MT', 655),
(275, 'MT', 705),
(288, 'MT', 1085),
(301, 'MT', 719),
(55, 'MT', 0),
(68, 'MT', 76),
(81, 'MT', 59),
(94, 'MT', 309),
(107, 'MT', 641),
(120, 'MT', 903),
(133, 'MT', 441),
(146, 'MT', 372),
(159, 'MT', 161),
(172, 'MT', 79),
(185, 'MT', 274),
(198, 'MT', 169),
(211, 'MT', 769),
(224, 'MT', 345),
(237, 'MT', 521),
(250, 'MT', 338),
(263, 'MT', 859),
(276, 'MT', 947),
(289, 'MT', 177),
(302, 'MT', 606),
(56, 'MT', 0),
(69, 'MT', 731),
(82, 'MT', 1194),
(95, 'MT', 1193),
(108, 'MT', 2528),
(121, 'MT', 942),
(134, 'MT', 2413),
(147, 'MT', 1641),
(160, 'MT', 269),
(173, 'MT', 359),
(186, 'MT', 119),
(199, 'MT', 516),
(212, 'MT', 1313),
(225, 'MT', 547),
(238, 'MT', 812),
(251, 'MT', 739),
(264, 'MT', 933),
(277, 'MT', 541),
(290, 'MT', 1081),
(303, 'MT', 845),
(57, 'MT', 2201),
(70, 'MT', 2201),
(83, 'MT', 4358),
(96, 'MT', 6665),
(109, 'MT', 7878),
(122, 'MT', 4313),
(135, 'MT', 9813),
(148, 'MT', 2294),
(161, 'MT', 856),
(174, 'MT', 1339),
(187, 'MT', 403),
(200, 'MT', 979),
(213, 'MT', 1025),
(226, 'MT', 974),
(239, 'MT', 1651),
(252, 'MT', 1213),
(265, 'MT', 1795),
(278, 'MT', 1402),
(291, 'MT', 1417),
(304, 'MT', 2041),
(58, 'MT', 3712),
(71, 'MT', 3926),
(84, 'MT', 1338),
(97, 'MT', 1555),
(110, 'MT', 5661),
(123, 'MT', 5435),
(136, 'MT', 11517),
(149, 'MT', 4172),
(162, 'MT', 1941),
(175, 'MT', 179),
(188, 'MT', 1117),
(201, 'MT', 1613),
(214, 'MT', 3442),
(227, 'MT', 1061),
(240, 'MT', 2008),
(253, 'MT', 163),
(266, 'MT', 2255),
(279, 'MT', 1533),
(292, 'MT', 3495),
(305, 'MT', 279),
(59, 'MT', 15406),
(72, 'MT', 18566),
(85, 'MT', 6063),
(98, 'MT', 7762),
(111, 'MT', 14086),
(124, 'MT', 11132),
(137, 'MT', 13603),
(150, 'MT', 1157),
(163, 'MT', 6218),
(176, 'MT', 14453),
(189, 'MT', 2875),
(202, 'MT', 225),
(215, 'MT', 14608),
(228, 'MT', 2628),
(241, 'MT', 6195),
(254, 'MT', 3568),
(267, 'MT', 7167),
(280, 'MT', 5112),
(293, 'MT', 6228),
(306, 'MT', 6229),
(60, 'MT', 10363),
(73, 'MT', 11729),
(86, 'MT', 6251),
(99, 'MT', 849),
(112, 'MT', 11034),
(125, 'MT', 1579),
(138, 'MT', 24994),
(151, 'MT', 20551),
(164, 'MT', 12661),
(177, 'MT', 25963),
(190, 'MT', 7965),
(203, 'MT', 3129),
(216, 'MT', 18366),
(229, 'MT', 6332),
(242, 'MT', 10344),
(255, 'MT', 5576),
(268, 'MT', 7081),
(281, 'MT', 11068),
(294, 'MT', 898),
(307, 'MT', 23945),
(61, 'MT', 2707),
(74, 'MT', 6109),
(87, 'MT', 6062),
(100, 'MT', 6543),
(113, 'MT', 9375),
(126, 'MT', 5341),
(139, 'MT', 9295),
(152, 'MT', 7765),
(165, 'MT', 2327),
(178, 'MT', 489),
(191, 'MT', 6326),
(204, 'MT', 2579),
(217, 'MT', 4465),
(230, 'MT', 201),
(243, 'MT', 2837),
(256, 'MT', 1986),
(269, 'MT', 5281),
(282, 'MT', 649),
(295, 'MT', 2749),
(308, 'MT', 48),
(62, 'MT', 182),
(75, 'MT', 842),
(88, 'MT', 502),
(101, 'MT', 373),
(114, 'MT', 2905),
(127, 'MT', 2097),
(140, 'MT', 2405),
(153, 'MT', 1368),
(166, 'MT', 1031),
(179, 'MT', 299),
(192, 'MT', 190),
(205, 'MT', 588),
(218, 'MT', 768),
(231, 'MT', 1103),
(244, 'MT', 375),
(257, 'MT', 1064),
(270, 'MT', 1018),
(283, 'MT', 193),
(296, 'MT', 918),
(309, 'MT', 813),
(63, 'MT', 76),
(76, 'MT', 47),
(89, 'MT', 98),
(102, 'MT', 37),
(115, 'MT', 1157),
(128, 'MT', 1622),
(141, 'MT', 1217),
(154, 'MT', 246),
(167, 'MT', 23),
(180, 'MT', 81),
(193, 'MT', 159),
(206, 'MT', 171),
(219, 'MT', 846),
(232, 'MT', 431),
(245, 'MT', 492),
(258, 'MT', 447),
(271, 'MT', 466),
(284, 'MT', 1777),
(297, 'MT', 425),
(52, 'MG', 0),
(65, 'MG', 36),
(78, 'MG', 24),
(91, 'MG', 18),
(104, 'MG', 29),
(117, 'MG', 37),
(130, 'MG', 22),
(143, 'MG', 28),
(156, 'MG', 109),
(169, 'MG', 91),
(182, 'MG', 85),
(195, 'MG', 74),
(208, 'MG', 118),
(221, 'MG', 61),
(234, 'MG', 75),
(247, 'MG', 75),
(260, 'MG', 133),
(273, 'MG', 147),
(286, 'MG', 61),
(299, 'MG', 106),
(53, 'MG', 0),
(66, 'MG', 112),
(79, 'MG', 20),
(92, 'MG', 39),
(105, 'MG', 62),
(118, 'MG', 126),
(131, 'MG', 29),
(144, 'MG', 79),
(157, 'MG', 96),
(170, 'MG', 71),
(183, 'MG', 59),
(196, 'MG', 74),
(209, 'MG', 155),
(222, 'MG', 111),
(235, 'MG', 123),
(248, 'MG', 143),
(261, 'MG', 157),
(274, 'MG', 84),
(287, 'MG', 207),
(300, 'MG', 61),
(54, 'MG', 0),
(67, 'MG', 13),
(80, 'MG', 24),
(93, 'MG', 13),
(106, 'MG', 62),
(119, 'MG', 81),
(132, 'MG', 81),
(145, 'MG', 107),
(158, 'MG', 69),
(171, 'MG', 155),
(184, 'MG', 61),
(197, 'MG', 106),
(210, 'MG', 109),
(223, 'MG', 67),
(236, 'MG', 152),
(249, 'MG', 110),
(262, 'MG', 77),
(275, 'MG', 80),
(288, 'MG', 123),
(301, 'MG', 105),
(55, 'MG', 0),
(68, 'MG', 27),
(81, 'MG', 49),
(94, 'MG', 60),
(107, 'MG', 99),
(120, 'MG', 215),
(133, 'MG', 48),
(146, 'MG', 89),
(159, 'MG', 50),
(172, 'MG', 35),
(185, 'MG', 113),
(198, 'MG', 26),
(211, 'MG', 112),
(224, 'MG', 66),
(237, 'MG', 180),
(250, 'MG', 61),
(263, 'MG', 161),
(276, 'MG', 109),
(289, 'MG', 172),
(302, 'MG', 69),
(56, 'MG', 0),
(69, 'MG', 51),
(82, 'MG', 67),
(95, 'MG', 83),
(108, 'MG', 98),
(121, 'MG', 75),
(134, 'MG', 79),
(147, 'MG', 134),
(160, 'MG', 62),
(173, 'MG', 124),
(186, 'MG', 50),
(199, 'MG', 128),
(212, 'MG', 179),
(225, 'MG', 151),
(238, 'MG', 144),
(251, 'MG', 150),
(264, 'MG', 224),
(277, 'MG', 114),
(290, 'MG', 186),
(303, 'MG', 125),
(57, 'MG', 70),
(70, 'MG', 132),
(83, 'MG', 135),
(96, 'MG', 166),
(109, 'MG', 207),
(122, 'MG', 245),
(135, 'MG', 209),
(148, 'MG', 246),
(161, 'MG', 73),
(174, 'MG', 184),
(187, 'MG', 48),
(200, 'MG', 173),
(213, 'MG', 139),
(226, 'MG', 304),
(239, 'MG', 219),
(252, 'MG', 144),
(265, 'MG', 376),
(278, 'MG', 200),
(291, 'MG', 263),
(304, 'MG', 360),
(58, 'MG', 232),
(71, 'MG', 318),
(84, 'MG', 345),
(97, 'MG', 266),
(110, 'MG', 741),
(123, 'MG', 407),
(136, 'MG', 625),
(149, 'MG', 467),
(162, 'MG', 336),
(175, 'MG', 446),
(188, 'MG', 194),
(201, 'MG', 477),
(214, 'MG', 707),
(227, 'MG', 801),
(240, 'MG', 669),
(253, 'MG', 462),
(266, 'MG', 559),
(279, 'MG', 288),
(292, 'MG', 1004),
(305, 'MG', 610),
(59, 'MG', 875),
(72, 'MG', 119),
(85, 'MG', 769),
(98, 'MG', 858),
(111, 'MG', 2041),
(124, 'MG', 1955),
(137, 'MG', 1642),
(150, 'MG', 1029),
(163, 'MG', 959),
(176, 'MG', 2975),
(189, 'MG', 605),
(202, 'MG', 685),
(215, 'MG', 3353),
(228, 'MG', 2742),
(241, 'MG', 901),
(254, 'MG', 911),
(267, 'MG', 1952),
(280, 'MG', 1059),
(293, 'MG', 1433),
(306, 'MG', 2142),
(60, 'MG', 1981),
(73, 'MG', 2686),
(86, 'MG', 108),
(99, 'MG', 1597),
(112, 'MG', 31),
(125, 'MG', 7091),
(138, 'MG', 4339),
(151, 'MG', 2047),
(164, 'MG', 278),
(177, 'MG', 5088),
(190, 'MG', 2552),
(203, 'MG', 131),
(216, 'MG', 5059),
(229, 'MG', 5978),
(242, 'MG', 3219),
(255, 'MG', 1656),
(268, 'MG', 3454),
(281, 'MG', 3088),
(294, 'MG', 2093),
(307, 'MG', 4697),
(61, 'MG', 1093),
(74, 'MG', 1363),
(87, 'MG', 1954),
(100, 'MG', 528),
(113, 'MG', 4788),
(126, 'MG', 5391),
(139, 'MG', 2736),
(152, 'MG', 6546),
(165, 'MG', 616),
(178, 'MG', 3467),
(191, 'MG', 3787),
(204, 'MG', 1013),
(217, 'MG', 2048),
(230, 'MG', 1206),
(243, 'MG', 397),
(256, 'MG', 1221),
(269, 'MG', 4735),
(282, 'MG', 3708),
(295, 'MG', 948),
(308, 'MG', 3062),
(62, 'MG', 32),
(75, 'MG', 271),
(88, 'MG', 43),
(101, 'MG', 62),
(114, 'MG', 417),
(127, 'MG', 399),
(140, 'MG', 914),
(153, 'MG', 422),
(166, 'MG', 59),
(179, 'MG', 1305),
(192, 'MG', 892),
(205, 'MG', 246),
(218, 'MG', 82),
(231, 'MG', 153),
(244, 'MG', 220),
(257, 'MG', 277),
(270, 'MG', 398),
(283, 'MG', 1453),
(296, 'MG', 126),
(309, 'MG', 136),
(63, 'MG', 21),
(76, 'MG', 32),
(89, 'MG', 14),
(102, 'MG', 44),
(115, 'MG', 225),
(128, 'MG', 225),
(141, 'MG', 125),
(154, 'MG', 65),
(167, 'MG', 32),
(180, 'MG', 95),
(193, 'MG', 25),
(206, 'MG', 108),
(219, 'MG', 105),
(232, 'MG', 43),
(245, 'MG', 189),
(258, 'MG', 98),
(271, 'MG', 155),
(284, 'MG', 295),
(297, 'MG', 91),
(52, 'PA', 0),
(65, 'PA', 87),
(78, 'PA', 30),
(91, 'PA', 34),
(104, 'PA', 144),
(117, 'PA', 900),
(130, 'PA', 579),
(143, 'PA', 1768),
(156, 'PA', 403),
(169, 'PA', 467),
(182, 'PA', 131),
(195, 'PA', 241),
(208, 'PA', 437),
(221, 'PA', 108),
(234, 'PA', 392),
(247, 'PA', 167),
(260, 'PA', 251),
(273, 'PA', 725),
(286, 'PA', 1322),
(299, 'PA', 219),
(53, 'PA', 0),
(66, 'PA', 285),
(79, 'PA', 29),
(92, 'PA', 16),
(105, 'PA', 120),
(118, 'PA', 34),
(131, 'PA', 20),
(144, 'PA', 85),
(157, 'PA', 49),
(170, 'PA', 23),
(183, 'PA', 54),
(196, 'PA', 15),
(209, 'PA', 102),
(222, 'PA', 13),
(235, 'PA', 63),
(248, 'PA', 30),
(261, 'PA', 37),
(274, 'PA', 108),
(287, 'PA', 430),
(300, 'PA', 14),
(54, 'PA', 0),
(67, 'PA', 7),
(80, 'PA', 181),
(93, 'PA', 0),
(106, 'PA', 14),
(119, 'PA', 27),
(132, 'PA', 22),
(145, 'PA', 21),
(158, 'PA', 10),
(171, 'PA', 6),
(184, 'PA', 4),
(197, 'PA', 4),
(210, 'PA', 110),
(223, 'PA', 21),
(236, 'PA', 30),
(249, 'PA', 19),
(262, 'PA', 34),
(275, 'PA', 61),
(288, 'PA', 81),
(301, 'PA', 42),
(55, 'PA', 0),
(68, 'PA', 6),
(81, 'PA', 40),
(94, 'PA', 0),
(107, 'PA', 11),
(120, 'PA', 14),
(133, 'PA', 23),
(146, 'PA', 14),
(159, 'PA', 2),
(172, 'PA', 0),
(185, 'PA', 7),
(198, 'PA', 8),
(211, 'PA', 22),
(224, 'PA', 10),
(237, 'PA', 11),
(250, 'PA', 20),
(263, 'PA', 27),
(276, 'PA', 27),
(289, 'PA', 66),
(302, 'PA', 45),
(56, 'PA', 0),
(69, 'PA', 4),
(82, 'PA', 12),
(95, 'PA', 7),
(108, 'PA', 18),
(121, 'PA', 3),
(134, 'PA', 44),
(147, 'PA', 37),
(160, 'PA', 0),
(173, 'PA', 9),
(186, 'PA', 0),
(199, 'PA', 7),
(212, 'PA', 57),
(225, 'PA', 16),
(238, 'PA', 59),
(251, 'PA', 42),
(264, 'PA', 70),
(277, 'PA', 95),
(290, 'PA', 154),
(303, 'PA', 114),
(57, 'PA', 58),
(70, 'PA', 37),
(83, 'PA', 59),
(96, 'PA', 42),
(109, 'PA', 149),
(122, 'PA', 64),
(135, 'PA', 340),
(148, 'PA', 304),
(161, 'PA', 78),
(174, 'PA', 129),
(187, 'PA', 48),
(200, 'PA', 38),
(213, 'PA', 94),
(226, 'PA', 105),
(239, 'PA', 183),
(252, 'PA', 173),
(265, 'PA', 319),
(278, 'PA', 265),
(291, 'PA', 502),
(304, 'PA', 679),
(58, 'PA', 638),
(71, 'PA', 982),
(84, 'PA', 426),
(97, 'PA', 708),
(110, 'PA', 772),
(123, 'PA', 1571),
(136, 'PA', 4436),
(149, 'PA', 4364),
(162, 'PA', 615),
(175, 'PA', 476),
(188, 'PA', 971),
(201, 'PA', 397),
(214, 'PA', 1432),
(227, 'PA', 632),
(240, 'PA', 661),
(253, 'PA', 447),
(266, 'PA', 825),
(279, 'PA', 906),
(292, 'PA', 1579),
(305, 'PA', 4985),
(59, 'PA', 6815),
(72, 'PA', 6178),
(85, 'PA', 5484),
(98, 'PA', 9043),
(111, 'PA', 15664),
(124, 'PA', 6255),
(137, 'PA', 12812),
(150, 'PA', 13055),
(163, 'PA', 7575),
(176, 'PA', 14352),
(189, 'PA', 4435),
(202, 'PA', 3859),
(215, 'PA', 1813),
(228, 'PA', 2195),
(241, 'PA', 6964),
(254, 'PA', 2161),
(267, 'PA', 8555),
(280, 'PA', 7913),
(293, 'PA', 4863),
(306, 'PA', 11962),
(60, 'PA', 6237),
(73, 'PA', 4419),
(86, 'PA', 2569),
(99, 'PA', 6139),
(112, 'PA', 5609),
(125, 'PA', 8447),
(138, 'PA', 9471),
(151, 'PA', 9032),
(164, 'PA', 8372),
(177, 'PA', 1459),
(190, 'PA', 6294),
(203, 'PA', 6051),
(216, 'PA', 1081),
(229, 'PA', 5185),
(242, 'PA', 687),
(255, 'PA', 336),
(268, 'PA', 6787),
(281, 'PA', 11068),
(294, 'PA', 3953),
(307, 'PA', 25004),
(61, 'PA', 3665),
(74, 'PA', 5026),
(87, 'PA', 4313),
(100, 'PA', 5096),
(113, 'PA', 5189),
(126, 'PA', 3803),
(139, 'PA', 4726),
(152, 'PA', 5083),
(165, 'PA', 5964),
(178, 'PA', 2504),
(191, 'PA', 6653),
(204, 'PA', 6342),
(217, 'PA', 3843),
(230, 'PA', 3141),
(243, 'PA', 3714),
(256, 'PA', 4921),
(269, 'PA', 6448),
(282, 'PA', 7781),
(295, 'PA', 5281),
(308, 'PA', 7628),
(62, 'PA', 1861),
(75, 'PA', 2682),
(88, 'PA', 3366),
(101, 'PA', 4938),
(114, 'PA', 7996),
(127, 'PA', 6195),
(140, 'PA', 9842),
(153, 'PA', 4968),
(166, 'PA', 2883),
(179, 'PA', 289),
(192, 'PA', 2403),
(205, 'PA', 10012),
(218, 'PA', 4417),
(231, 'PA', 3043),
(244, 'PA', 6156),
(257, 'PA', 3688),
(270, 'PA', 7767),
(283, 'PA', 9643),
(296, 'PA', 7879),
(309, 'PA', 9079),
(63, 'PA', 1008),
(76, 'PA', 766),
(89, 'PA', 1698),
(102, 'PA', 2564),
(115, 'PA', 3118),
(128, 'PA', 4787),
(141, 'PA', 5508),
(154, 'PA', 1495),
(167, 'PA', 1417),
(180, 'PA', 689),
(193, 'PA', 684),
(206, 'PA', 2832),
(219, 'PA', 1612),
(232, 'PA', 3218),
(245, 'PA', 1812),
(258, 'PA', 5514),
(271, 'PA', 4828),
(284, 'PA', 661),
(297, 'PA', 33),
(52, 'PE', 0),
(65, 'PE', 102),
(78, 'PE', 3),
(91, 'PE', 7),
(104, 'PE', 10),
(117, 'PE', 188),
(130, 'PE', 29),
(143, 'PE', 221),
(156, 'PE', 148),
(169, 'PE', 156),
(182, 'PE', 170),
(195, 'PE', 256),
(208, 'PE', 47),
(221, 'PE', 49),
(234, 'PE', 146),
(247, 'PE', 55),
(260, 'PE', 99),
(273, 'PE', 109),
(286, 'PE', 24),
(299, 'PE', 52),
(53, 'PE', 0),
(66, 'PE', 13),
(79, 'PE', 4),
(92, 'PE', 2),
(105, 'PE', 19),
(118, 'PE', 35),
(131, 'PE', 8),
(144, 'PE', 33),
(157, 'PE', 41),
(170, 'PE', 21),
(183, 'PE', 48),
(196, 'PE', 28),
(209, 'PE', 33),
(222, 'PE', 25),
(235, 'PE', 64),
(248, 'PE', 29),
(261, 'PE', 25),
(274, 'PE', 55),
(287, 'PE', 19),
(300, 'PE', 23),
(54, 'PE', 0),
(67, 'PE', 27),
(80, 'PE', 14),
(93, 'PE', 0),
(106, 'PE', 24),
(119, 'PE', 9),
(132, 'PE', 6),
(145, 'PE', 45),
(158, 'PE', 18),
(171, 'PE', 4),
(184, 'PE', 32),
(197, 'PE', 15),
(210, 'PE', 59),
(223, 'PE', 39),
(236, 'PE', 44),
(249, 'PE', 40),
(262, 'PE', 36),
(275, 'PE', 33),
(288, 'PE', 4),
(301, 'PE', 7),
(55, 'PE', 0),
(68, 'PE', 2),
(81, 'PE', 1),
(94, 'PE', 2),
(107, 'PE', 5),
(120, 'PE', 7),
(133, 'PE', 5),
(146, 'PE', 1),
(159, 'PE', 2),
(172, 'PE', 1),
(185, 'PE', 5),
(198, 'PE', 3),
(211, 'PE', 2),
(224, 'PE', 22),
(237, 'PE', 46),
(250, 'PE', 11),
(263, 'PE', 10),
(276, 'PE', 30),
(289, 'PE', 8),
(302, 'PE', 9),
(56, 'PE', 0),
(69, 'PE', 6),
(82, 'PE', 7),
(95, 'PE', 5),
(108, 'PE', 13),
(121, 'PE', 1),
(134, 'PE', 2),
(147, 'PE', 1),
(160, 'PE', 1),
(173, 'PE', 0),
(186, 'PE', 0),
(199, 'PE', 0),
(212, 'PE', 8),
(225, 'PE', 1),
(238, 'PE', 36),
(251, 'PE', 9),
(264, 'PE', 4),
(277, 'PE', 17),
(290, 'PE', 6),
(303, 'PE', 13),
(57, 'PE', 1),
(70, 'PE', 7),
(83, 'PE', 4),
(96, 'PE', 2),
(109, 'PE', 1),
(122, 'PE', 2),
(135, 'PE', 4),
(148, 'PE', 3),
(161, 'PE', 0),
(174, 'PE', 1),
(187, 'PE', 0),
(200, 'PE', 1),
(213, 'PE', 1),
(226, 'PE', 4),
(239, 'PE', 12),
(252, 'PE', 12),
(265, 'PE', 3),
(278, 'PE', 3),
(291, 'PE', 4),
(304, 'PE', 5),
(58, 'PE', 5),
(71, 'PE', 2),
(84, 'PE', 0),
(97, 'PE', 6),
(110, 'PE', 8),
(123, 'PE', 5),
(136, 'PE', 13),
(149, 'PE', 1),
(162, 'PE', 1),
(175, 'PE', 3),
(188, 'PE', 0),
(201, 'PE', 1),
(214, 'PE', 7),
(227, 'PE', 2),
(240, 'PE', 11),
(253, 'PE', 4),
(266, 'PE', 11),
(279, 'PE', 13),
(292, 'PE', 17),
(305, 'PE', 2),
(59, 'PE', 12),
(72, 'PE', 3),
(85, 'PE', 31),
(98, 'PE', 27),
(111, 'PE', 37),
(124, 'PE', 26),
(137, 'PE', 41),
(150, 'PE', 10),
(163, 'PE', 8),
(176, 'PE', 20),
(189, 'PE', 2),
(202, 'PE', 10),
(215, 'PE', 29),
(228, 'PE', 27),
(241, 'PE', 27),
(254, 'PE', 14),
(267, 'PE', 23),
(280, 'PE', 21),
(293, 'PE', 42),
(306, 'PE', 20),
(60, 'PE', 177),
(73, 'PE', 64),
(86, 'PE', 130),
(99, 'PE', 298),
(112, 'PE', 374),
(125, 'PE', 510),
(138, 'PE', 192),
(151, 'PE', 154),
(164, 'PE', 147),
(177, 'PE', 164),
(190, 'PE', 92),
(203, 'PE', 164),
(216, 'PE', 179),
(229, 'PE', 243),
(242, 'PE', 192),
(255, 'PE', 143),
(268, 'PE', 63),
(281, 'PE', 116),
(294, 'PE', 171),
(307, 'PE', 69),
(61, 'PE', 372),
(74, 'PE', 180),
(87, 'PE', 411),
(100, 'PE', 461),
(113, 'PE', 638),
(126, 'PE', 859),
(139, 'PE', 545),
(152, 'PE', 408),
(165, 'PE', 310),
(178, 'PE', 702),
(191, 'PE', 274),
(204, 'PE', 254),
(217, 'PE', 347),
(230, 'PE', 461),
(243, 'PE', 222),
(256, 'PE', 161),
(269, 'PE', 174),
(282, 'PE', 194),
(295, 'PE', 319),
(308, 'PE', 256),
(62, 'PE', 141),
(75, 'PE', 41),
(88, 'PE', 64),
(101, 'PE', 208),
(114, 'PE', 521),
(127, 'PE', 560),
(140, 'PE', 465),
(153, 'PE', 452),
(166, 'PE', 385),
(179, 'PE', 359),
(192, 'PE', 363),
(205, 'PE', 486),
(218, 'PE', 831),
(231, 'PE', 352),
(244, 'PE', 181),
(257, 'PE', 110),
(270, 'PE', 111),
(283, 'PE', 315),
(296, 'PE', 191),
(309, 'PE', 66),
(63, 'PE', 59),
(76, 'PE', 16),
(89, 'PE', 22),
(102, 'PE', 62),
(115, 'PE', 259),
(128, 'PE', 229),
(141, 'PE', 373),
(154, 'PE', 191),
(167, 'PE', 207),
(180, 'PE', 200),
(193, 'PE', 203),
(206, 'PE', 351),
(219, 'PE', 117),
(232, 'PE', 364),
(245, 'PE', 108),
(258, 'PE', 141),
(271, 'PE', 101),
(284, 'PE', 176),
(297, 'PE', 161),
(52, 'RR', 0),
(65, 'RR', 15),
(78, 'RR', 18),
(91, 'RR', 101),
(104, 'RR', 302),
(117, 'RR', 547),
(130, 'RR', 355),
(143, 'RR', 106),
(156, 'RR', 70),
(169, 'RR', 194),
(182, 'RR', 245),
(195, 'RR', 45),
(208, 'RR', 351),
(221, 'RR', 225),
(234, 'RR', 217),
(247, 'RR', 397),
(260, 'RR', 355),
(273, 'RR', 330),
(286, 'RR', 1754),
(299, 'RR', 108),
(53, 'RR', 0),
(66, 'RR', 20),
(79, 'RR', 57),
(92, 'RR', 646),
(105, 'RR', 476),
(118, 'RR', 767),
(131, 'RR', 259),
(144, 'RR', 105),
(157, 'RR', 283),
(170, 'RR', 796),
(183, 'RR', 138),
(196, 'RR', 153),
(209, 'RR', 470),
(222, 'RR', 112),
(235, 'RR', 130),
(248, 'RR', 62),
(261, 'RR', 226),
(274, 'RR', 418),
(287, 'RR', 171),
(300, 'RR', 129),
(54, 'RR', 0),
(67, 'RR', 98),
(80, 'RR', 125),
(93, 'RR', 1108),
(106, 'RR', 820),
(119, 'RR', 1131),
(132, 'RR', 276),
(145, 'RR', 244),
(158, 'RR', 385),
(171, 'RR', 665),
(184, 'RR', 422),
(197, 'RR', 176),
(210, 'RR', 417),
(223, 'RR', 91),
(236, 'RR', 99),
(249, 'RR', 179),
(262, 'RR', 494),
(275, 'RR', 163),
(288, 'RR', 1081),
(301, 'RR', 216),
(55, 'RR', 0),
(68, 'RR', 16),
(81, 'RR', 0),
(94, 'RR', 380),
(107, 'RR', 41),
(120, 'RR', 268),
(133, 'RR', 182),
(146, 'RR', 22),
(159, 'RR', 201),
(172, 'RR', 58),
(185, 'RR', 175),
(198, 'RR', 115),
(211, 'RR', 15),
(224, 'RR', 108),
(237, 'RR', 25),
(250, 'RR', 87),
(263, 'RR', 162),
(276, 'RR', 278),
(289, 'RR', 126),
(302, 'RR', 51),
(56, 'RR', 0),
(69, 'RR', 0),
(82, 'RR', 7),
(95, 'RR', 9),
(108, 'RR', 0),
(121, 'RR', 0),
(134, 'RR', 2),
(147, 'RR', 1),
(160, 'RR', 0),
(173, 'RR', 0),
(186, 'RR', 8),
(199, 'RR', 219),
(212, 'RR', 3),
(225, 'RR', 4),
(238, 'RR', 18),
(251, 'RR', 4),
(264, 'RR', 58),
(277, 'RR', 12),
(290, 'RR', 22),
(303, 'RR', 29),
(57, 'RR', 0),
(70, 'RR', 3),
(83, 'RR', 0),
(96, 'RR', 1),
(109, 'RR', 0),
(122, 'RR', 0),
(135, 'RR', 6),
(148, 'RR', 5),
(161, 'RR', 0),
(174, 'RR', 1),
(187, 'RR', 0),
(200, 'RR', 16),
(213, 'RR', 0),
(226, 'RR', 6),
(239, 'RR', 22),
(252, 'RR', 6),
(265, 'RR', 4),
(278, 'RR', 3),
(291, 'RR', 7),
(304, 'RR', 4),
(58, 'RR', 1),
(71, 'RR', 4),
(84, 'RR', 0),
(97, 'RR', 1),
(110, 'RR', 7),
(123, 'RR', 0),
(136, 'RR', 2),
(149, 'RR', 2),
(162, 'RR', 0),
(175, 'RR', 3),
(188, 'RR', 0),
(201, 'RR', 18),
(214, 'RR', 1),
(227, 'RR', 9),
(240, 'RR', 2),
(253, 'RR', 4),
(266, 'RR', 9),
(279, 'RR', 5),
(292, 'RR', 0),
(305, 'RR', 3),
(59, 'RR', 0),
(72, 'RR', 1),
(85, 'RR', 9),
(98, 'RR', 4),
(111, 'RR', 7),
(124, 'RR', 2),
(137, 'RR', 18),
(150, 'RR', 9),
(163, 'RR', 4),
(176, 'RR', 2),
(189, 'RR', 4),
(202, 'RR', 29),
(215, 'RR', 3),
(228, 'RR', 39),
(241, 'RR', 4),
(254, 'RR', 3),
(267, 'RR', 12),
(280, 'RR', 11),
(293, 'RR', 11),
(306, 'RR', 35),
(60, 'RR', 2),
(73, 'RR', 3),
(86, 'RR', 12),
(99, 'RR', 1),
(112, 'RR', 48),
(125, 'RR', 6),
(138, 'RR', 9),
(151, 'RR', 72),
(164, 'RR', 40),
(177, 'RR', 9),
(190, 'RR', 17),
(203, 'RR', 117),
(216, 'RR', 18),
(229, 'RR', 53),
(242, 'RR', 67),
(255, 'RR', 18),
(268, 'RR', 67),
(281, 'RR', 77),
(294, 'RR', 19),
(307, 'RR', 43),
(61, 'RR', 1),
(74, 'RR', 10),
(87, 'RR', 25),
(100, 'RR', 13),
(113, 'RR', 191),
(126, 'RR', 14),
(139, 'RR', 53),
(152, 'RR', 88),
(165, 'RR', 135),
(178, 'RR', 15),
(191, 'RR', 78),
(204, 'RR', 197),
(217, 'RR', 64),
(230, 'RR', 65),
(243, 'RR', 152),
(256, 'RR', 63),
(269, 'RR', 61),
(282, 'RR', 181),
(295, 'RR', 101),
(308, 'RR', 156),
(62, 'RR', 1),
(75, 'RR', 15),
(88, 'RR', 32),
(101, 'RR', 76),
(114, 'RR', 133),
(127, 'RR', 27),
(140, 'RR', 135),
(153, 'RR', 135),
(166, 'RR', 26),
(179, 'RR', 112),
(192, 'RR', 39),
(205, 'RR', 312),
(218, 'RR', 27),
(231, 'RR', 121),
(244, 'RR', 187),
(257, 'RR', 106),
(270, 'RR', 143),
(283, 'RR', 280),
(296, 'RR', 71),
(309, 'RR', 327),
(63, 'RR', 16),
(76, 'RR', 35),
(89, 'RR', 77),
(102, 'RR', 76),
(115, 'RR', 199),
(128, 'RR', 157),
(141, 'RR', 160),
(154, 'RR', 71),
(167, 'RR', 101),
(180, 'RR', 8),
(193, 'RR', 5),
(206, 'RR', 290),
(219, 'RR', 73),
(232, 'RR', 249),
(245, 'RR', 78),
(258, 'RR', 65),
(271, 'RR', 277),
(284, 'RR', 304),
(297, 'RR', 136),
(52, 'SC', 0),
(65, 'SC', 11),
(78, 'SC', 14),
(91, 'SC', 11),
(104, 'SC', 22),
(117, 'SC', 45),
(130, 'SC', 37),
(143, 'SC', 46),
(156, 'SC', 41),
(169, 'SC', 9),
(182, 'SC', 25),
(195, 'SC', 21),
(208, 'SC', 2),
(221, 'SC', 9),
(234, 'SC', 14),
(247, 'SC', 18),
(260, 'SC', 58),
(273, 'SC', 28),
(286, 'SC', 53),
(299, 'SC', 46),
(53, 'SC', 0),
(66, 'SC', 2),
(79, 'SC', 8),
(92, 'SC', 0),
(105, 'SC', 5),
(118, 'SC', 43),
(131, 'SC', 29),
(144, 'SC', 46),
(157, 'SC', 18),
(170, 'SC', 14),
(183, 'SC', 29),
(196, 'SC', 7),
(209, 'SC', 15),
(222, 'SC', 1),
(235, 'SC', 13),
(248, 'SC', 12),
(261, 'SC', 27),
(274, 'SC', 23),
(287, 'SC', 10),
(300, 'SC', 31),
(54, 'SC', 0),
(67, 'SC', 7),
(80, 'SC', 46),
(93, 'SC', 1),
(106, 'SC', 12),
(119, 'SC', 58),
(132, 'SC', 73),
(145, 'SC', 92),
(158, 'SC', 48),
(171, 'SC', 23),
(184, 'SC', 14),
(197, 'SC', 33),
(210, 'SC', 9),
(223, 'SC', 8),
(236, 'SC', 65),
(249, 'SC', 14),
(262, 'SC', 15),
(275, 'SC', 37),
(288, 'SC', 21),
(301, 'SC', 12),
(55, 'SC', 0),
(68, 'SC', 0),
(81, 'SC', 7),
(94, 'SC', 1),
(107, 'SC', 7),
(120, 'SC', 120),
(133, 'SC', 59),
(146, 'SC', 25),
(159, 'SC', 30),
(172, 'SC', 2),
(185, 'SC', 31),
(198, 'SC', 57),
(211, 'SC', 19),
(224, 'SC', 5),
(237, 'SC', 40),
(250, 'SC', 46),
(263, 'SC', 34),
(276, 'SC', 32),
(289, 'SC', 36),
(302, 'SC', 26),
(56, 'SC', 0),
(69, 'SC', 1),
(82, 'SC', 0),
(95, 'SC', 2),
(108, 'SC', 3),
(121, 'SC', 84),
(134, 'SC', 2),
(147, 'SC', 21),
(160, 'SC', 33),
(173, 'SC', 2),
(186, 'SC', 15),
(199, 'SC', 33),
(212, 'SC', 1),
(225, 'SC', 16),
(238, 'SC', 60),
(251, 'SC', 52),
(264, 'SC', 42),
(277, 'SC', 70),
(290, 'SC', 26),
(303, 'SC', 36),
(57, 'SC', 2),
(70, 'SC', 0),
(83, 'SC', 2),
(96, 'SC', 1),
(109, 'SC', 0),
(122, 'SC', 68),
(135, 'SC', 127),
(148, 'SC', 58),
(161, 'SC', 32),
(174, 'SC', 11),
(187, 'SC', 2),
(200, 'SC', 14),
(213, 'SC', 1),
(226, 'SC', 26),
(239, 'SC', 42),
(252, 'SC', 31),
(265, 'SC', 3),
(278, 'SC', 104),
(291, 'SC', 79),
(304, 'SC', 70),
(58, 'SC', 0),
(71, 'SC', 2),
(84, 'SC', 21),
(97, 'SC', 5),
(110, 'SC', 82),
(123, 'SC', 43),
(136, 'SC', 94),
(149, 'SC', 90),
(162, 'SC', 74),
(175, 'SC', 12),
(188, 'SC', 46),
(201, 'SC', 26),
(214, 'SC', 31),
(227, 'SC', 31),
(240, 'SC', 42),
(253, 'SC', 69),
(266, 'SC', 82),
(279, 'SC', 45),
(292, 'SC', 480),
(305, 'SC', 591),
(59, 'SC', 0),
(72, 'SC', 51),
(85, 'SC', 69),
(98, 'SC', 24),
(111, 'SC', 702),
(124, 'SC', 1513),
(137, 'SC', 728),
(150, 'SC', 391),
(163, 'SC', 728),
(176, 'SC', 462),
(189, 'SC', 51),
(202, 'SC', 759),
(215, 'SC', 511),
(228, 'SC', 175),
(241, 'SC', 398),
(254, 'SC', 236),
(267, 'SC', 459),
(280, 'SC', 379),
(293, 'SC', 765),
(306, 'SC', 713),
(60, 'SC', 6),
(73, 'SC', 101),
(86, 'SC', 36),
(99, 'SC', 18),
(112, 'SC', 416),
(125, 'SC', 1339),
(138, 'SC', 755),
(151, 'SC', 116),
(164, 'SC', 530),
(177, 'SC', 617),
(190, 'SC', 233),
(203, 'SC', 47),
(216, 'SC', 198),
(229, 'SC', 450),
(242, 'SC', 188),
(255, 'SC', 303),
(268, 'SC', 208),
(281, 'SC', 156),
(294, 'SC', 644),
(307, 'SC', 626),
(61, 'SC', 4),
(74, 'SC', 16),
(87, 'SC', 55),
(100, 'SC', 26),
(113, 'SC', 42),
(126, 'SC', 669),
(139, 'SC', 704),
(152, 'SC', 197),
(165, 'SC', 269),
(178, 'SC', 35),
(191, 'SC', 56),
(204, 'SC', 252),
(217, 'SC', 76),
(230, 'SC', 102),
(243, 'SC', 34),
(256, 'SC', 107),
(269, 'SC', 122),
(282, 'SC', 21),
(295, 'SC', 56),
(308, 'SC', 51),
(62, 'SC', 21),
(75, 'SC', 84),
(88, 'SC', 19),
(101, 'SC', 66),
(114, 'SC', 348),
(127, 'SC', 347),
(140, 'SC', 279),
(153, 'SC', 384),
(166, 'SC', 45),
(179, 'SC', 26),
(192, 'SC', 16),
(205, 'SC', 61),
(218, 'SC', 88),
(231, 'SC', 79),
(244, 'SC', 72),
(257, 'SC', 84),
(270, 'SC', 43),
(283, 'SC', 9),
(296, 'SC', 156),
(309, 'SC', 152),
(63, 'SC', 26),
(76, 'SC', 89),
(89, 'SC', 29),
(102, 'SC', 45),
(115, 'SC', 76),
(128, 'SC', 129),
(141, 'SC', 68),
(154, 'SC', 17),
(167, 'SC', 7),
(180, 'SC', 17),
(193, 'SC', 29),
(206, 'SC', 20),
(219, 'SC', 23),
(232, 'SC', 24),
(245, 'SC', 32),
(258, 'SC', 74),
(271, 'SC', 45),
(284, 'SC', 19),
(297, 'SC', 20),
(52, 'SE', 0),
(65, 'SE', 36),
(78, 'SE', 1),
(91, 'SE', 2),
(104, 'SE', 1),
(117, 'SE', 198),
(130, 'SE', 16),
(143, 'SE', 80),
(156, 'SE', 36),
(169, 'SE', 56),
(182, 'SE', 100),
(195, 'SE', 60),
(208, 'SE', 29),
(221, 'SE', 36),
(234, 'SE', 39),
(247, 'SE', 34),
(260, 'SE', 20),
(273, 'SE', 44),
(286, 'SE', 9),
(299, 'SE', 31),
(53, 'SE', 0),
(66, 'SE', 25),
(79, 'SE', 6),
(92, 'SE', 2),
(105, 'SE', 6),
(118, 'SE', 50),
(131, 'SE', 10),
(144, 'SE', 19),
(157, 'SE', 36),
(170, 'SE', 22),
(183, 'SE', 67),
(196, 'SE', 64),
(209, 'SE', 33),
(222, 'SE', 31),
(235, 'SE', 34),
(248, 'SE', 47),
(261, 'SE', 18),
(274, 'SE', 40),
(287, 'SE', 22),
(300, 'SE', 18),
(54, 'SE', 0),
(67, 'SE', 18),
(80, 'SE', 6),
(93, 'SE', 1),
(106, 'SE', 7),
(119, 'SE', 62),
(132, 'SE', 36),
(145, 'SE', 28),
(158, 'SE', 41),
(171, 'SE', 2),
(184, 'SE', 43),
(197, 'SE', 29),
(210, 'SE', 44),
(223, 'SE', 47),
(236, 'SE', 71),
(249, 'SE', 67),
(262, 'SE', 33),
(275, 'SE', 49),
(288, 'SE', 26),
(301, 'SE', 16),
(55, 'SE', 0),
(68, 'SE', 6),
(81, 'SE', 1),
(94, 'SE', 0),
(107, 'SE', 12),
(120, 'SE', 48),
(133, 'SE', 13),
(146, 'SE', 8),
(159, 'SE', 9),
(172, 'SE', 1),
(185, 'SE', 2),
(198, 'SE', 19),
(211, 'SE', 1),
(224, 'SE', 12),
(237, 'SE', 40),
(250, 'SE', 15),
(263, 'SE', 7),
(276, 'SE', 35),
(289, 'SE', 14),
(302, 'SE', 8),
(56, 'SE', 0),
(69, 'SE', 0),
(82, 'SE', 0),
(95, 'SE', 3),
(108, 'SE', 0),
(121, 'SE', 2),
(134, 'SE', 5),
(147, 'SE', 0),
(160, 'SE', 0),
(173, 'SE', 0),
(186, 'SE', 0),
(199, 'SE', 0),
(212, 'SE', 0),
(225, 'SE', 0),
(238, 'SE', 17),
(251, 'SE', 1),
(264, 'SE', 1),
(277, 'SE', 11),
(290, 'SE', 9),
(303, 'SE', 1),
(57, 'SE', 0),
(70, 'SE', 0),
(83, 'SE', 0),
(96, 'SE', 0),
(109, 'SE', 0),
(122, 'SE', 0),
(135, 'SE', 0),
(148, 'SE', 0),
(161, 'SE', 0),
(174, 'SE', 0),
(187, 'SE', 0),
(200, 'SE', 2),
(213, 'SE', 0),
(226, 'SE', 1),
(239, 'SE', 3),
(252, 'SE', 1),
(265, 'SE', 0),
(278, 'SE', 3),
(291, 'SE', 1),
(304, 'SE', 0),
(58, 'SE', 0),
(71, 'SE', 0),
(84, 'SE', 0),
(97, 'SE', 0),
(110, 'SE', 0),
(123, 'SE', 0),
(136, 'SE', 0),
(149, 'SE', 0),
(162, 'SE', 0),
(175, 'SE', 0),
(188, 'SE', 0),
(201, 'SE', 0),
(214, 'SE', 0),
(227, 'SE', 0),
(240, 'SE', 1),
(253, 'SE', 0),
(266, 'SE', 0),
(279, 'SE', 0),
(292, 'SE', 0),
(305, 'SE', 0),
(59, 'SE', 0),
(72, 'SE', 0),
(85, 'SE', 0),
(98, 'SE', 0),
(111, 'SE', 2),
(124, 'SE', 0),
(137, 'SE', 0),
(150, 'SE', 0),
(163, 'SE', 0),
(176, 'SE', 0),
(189, 'SE', 0),
(202, 'SE', 0),
(215, 'SE', 0),
(228, 'SE', 1),
(241, 'SE', 0),
(254, 'SE', 0),
(267, 'SE', 0),
(280, 'SE', 0),
(293, 'SE', 6),
(306, 'SE', 0),
(60, 'SE', 0),
(73, 'SE', 0),
(86, 'SE', 0),
(99, 'SE', 1),
(112, 'SE', 0),
(125, 'SE', 3),
(138, 'SE', 0),
(151, 'SE', 2),
(164, 'SE', 0),
(177, 'SE', 0),
(190, 'SE', 0),
(203, 'SE', 1),
(216, 'SE', 0),
(229, 'SE', 0),
(242, 'SE', 1),
(255, 'SE', 1),
(268, 'SE', 4),
(281, 'SE', 1),
(294, 'SE', 2),
(307, 'SE', 0),
(61, 'SE', 0),
(74, 'SE', 0),
(87, 'SE', 3),
(100, 'SE', 5),
(113, 'SE', 20),
(126, 'SE', 2),
(139, 'SE', 3),
(152, 'SE', 11),
(165, 'SE', 3),
(178, 'SE', 3),
(191, 'SE', 0),
(204, 'SE', 1),
(217, 'SE', 1),
(230, 'SE', 5),
(243, 'SE', 1),
(256, 'SE', 3),
(269, 'SE', 3),
(282, 'SE', 6),
(295, 'SE', 10),
(308, 'SE', 0),
(62, 'SE', 12),
(75, 'SE', 3),
(88, 'SE', 0),
(101, 'SE', 5),
(114, 'SE', 57),
(127, 'SE', 2),
(140, 'SE', 41),
(153, 'SE', 23),
(166, 'SE', 5),
(179, 'SE', 7),
(192, 'SE', 17),
(205, 'SE', 9),
(218, 'SE', 16),
(231, 'SE', 4),
(244, 'SE', 6),
(257, 'SE', 7),
(270, 'SE', 9),
(283, 'SE', 47),
(296, 'SE', 17),
(309, 'SE', 1),
(63, 'SE', 8),
(76, 'SE', 5),
(89, 'SE', 0),
(102, 'SE', 5),
(115, 'SE', 103),
(128, 'SE', 36),
(141, 'SE', 66),
(154, 'SE', 29),
(167, 'SE', 17),
(180, 'SE', 33),
(193, 'SE', 14),
(206, 'SE', 21),
(219, 'SE', 19),
(232, 'SE', 36),
(245, 'SE', 18),
(258, 'SE', 9),
(271, 'SE', 9),
(284, 'SE', 63),
(297, 'SE', 36),
(52, 'TO', 0),
(65, 'TO', 36),
(78, 'TO', 15),
(91, 'TO', 19),
(104, 'TO', 35),
(117, 'TO', 35),
(130, 'TO', 40),
(143, 'TO', 66),
(156, 'TO', 91),
(169, 'TO', 34),
(182, 'TO', 28),
(195, 'TO', 43),
(208, 'TO', 79),
(221, 'TO', 14),
(234, 'TO', 12),
(247, 'TO', 50),
(260, 'TO', 89),
(273, 'TO', 186),
(286, 'TO', 42),
(299, 'TO', 61),
(53, 'TO', 0),
(66, 'TO', 1),
(79, 'TO', 6),
(92, 'TO', 6),
(105, 'TO', 48),
(118, 'TO', 15),
(131, 'TO', 7),
(144, 'TO', 27),
(157, 'TO', 14),
(170, 'TO', 8),
(183, 'TO', 6),
(196, 'TO', 21),
(209, 'TO', 32),
(222, 'TO', 13),
(235, 'TO', 45),
(248, 'TO', 37),
(261, 'TO', 73),
(274, 'TO', 65),
(287, 'TO', 383),
(300, 'TO', 25),
(54, 'TO', 0),
(67, 'TO', 1),
(80, 'TO', 4),
(93, 'TO', 0),
(106, 'TO', 33),
(119, 'TO', 19),
(132, 'TO', 23),
(145, 'TO', 13),
(158, 'TO', 11),
(171, 'TO', 99),
(184, 'TO', 4),
(197, 'TO', 23),
(210, 'TO', 120),
(223, 'TO', 16),
(236, 'TO', 80),
(249, 'TO', 60),
(262, 'TO', 58),
(275, 'TO', 85),
(288, 'TO', 165),
(301, 'TO', 98),
(55, 'TO', 0),
(68, 'TO', 9),
(81, 'TO', 0),
(94, 'TO', 19),
(107, 'TO', 37),
(120, 'TO', 64),
(133, 'TO', 52),
(146, 'TO', 52),
(159, 'TO', 4),
(172, 'TO', 22),
(185, 'TO', 46),
(198, 'TO', 5),
(211, 'TO', 419),
(224, 'TO', 106),
(237, 'TO', 226),
(250, 'TO', 130),
(263, 'TO', 187),
(276, 'TO', 88),
(289, 'TO', 369),
(302, 'TO', 164),
(56, 'TO', 0),
(69, 'TO', 24),
(82, 'TO', 69),
(95, 'TO', 48),
(108, 'TO', 138),
(121, 'TO', 96),
(134, 'TO', 350),
(147, 'TO', 236),
(160, 'TO', 35),
(173, 'TO', 250),
(186, 'TO', 81),
(199, 'TO', 91),
(212, 'TO', 580),
(225, 'TO', 354),
(238, 'TO', 467),
(251, 'TO', 373),
(264, 'TO', 618),
(277, 'TO', 512),
(290, 'TO', 778),
(303, 'TO', 576),
(57, 'TO', 252),
(70, 'TO', 113),
(83, 'TO', 278),
(96, 'TO', 305),
(109, 'TO', 396),
(122, 'TO', 329),
(135, 'TO', 1079),
(148, 'TO', 669),
(161, 'TO', 289),
(174, 'TO', 591),
(187, 'TO', 282),
(200, 'TO', 421),
(213, 'TO', 767),
(226, 'TO', 717),
(239, 'TO', 922),
(252, 'TO', 873),
(265, 'TO', 1372),
(278, 'TO', 115),
(291, 'TO', 1148),
(304, 'TO', 132),
(58, 'TO', 640),
(71, 'TO', 373),
(84, 'TO', 500),
(97, 'TO', 830),
(110, 'TO', 976),
(123, 'TO', 762),
(136, 'TO', 1389),
(149, 'TO', 1082),
(162, 'TO', 430),
(175, 'TO', 982),
(188, 'TO', 441),
(201, 'TO', 989),
(214, 'TO', 2408),
(227, 'TO', 1001),
(240, 'TO', 1693),
(253, 'TO', 1393),
(266, 'TO', 1404),
(279, 'TO', 1217),
(292, 'TO', 2737),
(305, 'TO', 2397),
(59, 'TO', 3747),
(72, 'TO', 1284),
(85, 'TO', 1949),
(98, 'TO', 2242),
(111, 'TO', 3027),
(124, 'TO', 1339),
(137, 'TO', 1776),
(150, 'TO', 184),
(163, 'TO', 1277),
(176, 'TO', 4747),
(189, 'TO', 845),
(202, 'TO', 1124),
(215, 'TO', 7865),
(228, 'TO', 1668),
(241, 'TO', 428),
(254, 'TO', 181),
(267, 'TO', 2917),
(280, 'TO', 254),
(293, 'TO', 3213),
(306, 'TO', 3536),
(60, 'TO', 5149),
(73, 'TO', 3415),
(86, 'TO', 2552),
(99, 'TO', 4839),
(112, 'TO', 5314),
(125, 'TO', 4637),
(138, 'TO', 5308),
(151, 'TO', 5319),
(164, 'TO', 2979),
(177, 'TO', 6829),
(190, 'TO', 239),
(203, 'TO', 2017),
(216, 'TO', 10172),
(229, 'TO', 4658),
(242, 'TO', 746),
(255, 'TO', 2445),
(268, 'TO', 352),
(281, 'TO', 551),
(294, 'TO', 3245),
(307, 'TO', 10737),
(61, 'TO', 1738),
(74, 'TO', 1378),
(87, 'TO', 1053),
(100, 'TO', 684),
(113, 'TO', 1537),
(126, 'TO', 1339),
(139, 'TO', 1658),
(152, 'TO', 2913),
(165, 'TO', 1176),
(178, 'TO', 2252),
(191, 'TO', 2832),
(204, 'TO', 718),
(217, 'TO', 2272),
(230, 'TO', 1591),
(243, 'TO', 368),
(256, 'TO', 2155),
(269, 'TO', 4),
(282, 'TO', 4844),
(295, 'TO', 2032),
(308, 'TO', 2969),
(62, 'TO', 1),
(75, 'TO', 29),
(88, 'TO', 96),
(101, 'TO', 100),
(114, 'TO', 207),
(127, 'TO', 146),
(140, 'TO', 424),
(153, 'TO', 271),
(166, 'TO', 108),
(179, 'TO', 147),
(192, 'TO', 104),
(205, 'TO', 251),
(218, 'TO', 283),
(231, 'TO', 144),
(244, 'TO', 179),
(257, 'TO', 345),
(270, 'TO', 451),
(283, 'TO', 833),
(296, 'TO', 623),
(309, 'TO', 434),
(63, 'TO', 9),
(76, 'TO', 16),
(89, 'TO', 20),
(102, 'TO', 21),
(115, 'TO', 39),
(128, 'TO', 109),
(141, 'TO', 96),
(154, 'TO', 53),
(167, 'TO', 15),
(180, 'TO', 13),
(193, 'TO', 7),
(206, 'TO', 46),
(219, 'TO', 72),
(232, 'TO', 105),
(245, 'TO', 128),
(258, 'TO', 85),
(271, 'TO', 223),
(284, 'TO', 373),
(297, 'TO', 119);

-- --------------------------------------------------------

--
-- Estrutura da tabela `terra_indigena`
--

CREATE TABLE `terra_indigena` (
  `TERRA_INDIGENA` varchar(32) DEFAULT NULL,
  `ETNIA` varchar(37) DEFAULT NULL,
  `UF` varchar(5) DEFAULT NULL,
  `MODALIDADE` varchar(24) DEFAULT NULL,
  `AREA` varchar(12) DEFAULT NULL
)

--
-- Extraindo dados da tabela `terra_indigena`
--

INSERT INTO `terra_indigena` (`TERRA_INDIGENA`, `ETNIA`, `UF`, `MODALIDADE`, `AREA`) VALUES
('Acapuri de Cima', 'Kokama', 'AM', 'Tradicionalmente ocupada', '19.885,04'),
('Acimã', 'Apurinã', 'AM', 'Tradicionalmente ocupada', '40.686,03'),
('Aconã', 'Tingui-Botó', 'AL', 'Reserva Indígena', '267,7862'),
('Água Preta/Inari', 'Apurinã', 'AM', 'Tradicionalmente ocupada', '139.763,67'),
('Águas Belas', 'Pataxó', 'BA', 'Tradicionalmente ocupada', '1.189,06'),
('Águas Claras', 'Guarani Mbya', 'SC', 'Reserva Indígena', '165,4162'),
('Aldeia Kondá', 'Kaingang', 'SC', 'Reserva Indígena', '2.300,00'),
('Aldeia Limão Verde', 'Guarani Kaiowá', 'MS', 'Tradicionalmente ocupada', '668,0796'),
('Aldeia Velha', 'Pataxó', 'BA', 'Tradicionalmente ocupada', '1.997,55'),
('Alto Rio Guamá', 'Timbira,Tembé', 'PA', 'Tradicionalmente ocupada', '279.897,70'),
('Alto Rio Negro', 'Arapáso,Karapanã,Barasána,Baré,Wanana', 'AM', 'Tradicionalmente ocupada', '7.999.381,17'),
('Alto Rio Purus', 'Kaxinawá,Kulina Páno', 'AC', 'Tradicionalmente ocupada', '263.129,81'),
('Alto Sepatini', 'Apurinã', 'AM', 'Tradicionalmente ocupada', '26.095,70'),
('Alto Tarauacá', 'Isolados', 'AC', 'Tradicionalmente ocupada', '142.619,11'),
('Alto Turiaçu', 'Ka´apor', 'MA', 'Tradicionalmente ocupada', '530.524,74'),
('Amambai', 'Guarani Kaiowá', 'MS', 'Tradicionalmente ocupada', '2.429,55'),
('Amaral/Tekoá Kuriy', 'Guarani Mbya', 'SC', 'Reserva Indígena', '501,36'),
('Amba Porã', 'Guarani Mbya', 'SP', 'Tradicionalmente ocupada', '7,204'),
('Anacé', 'Anacé', 'CE', 'Tradicionalmente ocupada', '0'),
('Anambé', 'Anambé', 'PA', 'Tradicionalmente ocupada', '7.882,83'),
('Ananás', 'Makuxí', 'RR', 'Tradicionalmente ocupada', '1.769,42'),
('Anaro', 'Wapixana', 'RR', 'Tradicionalmente ocupada', '30.473,95'),
('Andirá-Marau', 'Sateré-Mawé', 'AM,PA', 'Tradicionalmente ocupada', '788.528,38'),
('Aningal', 'Makuxí', 'RR', 'Tradicionalmente ocupada', '7.627,04'),
('Anta', 'Wapixana', 'RR', 'Tradicionalmente ocupada', '3.173,82'),
('Apapeguá', 'Guarani Kaiowá', 'MS', 'Tradicionalmente ocupada', '0'),
('Apiaká do Pontal e Isolados', 'Isolados,Apiaká', 'MT', 'Tradicionalmente ocupada', '982.324,00'),
('Apiaka/Kayabi', 'Apiaká,Kaiabi', 'MT', 'Tradicionalmente ocupada', '109.245,38'),
('Apinayé', 'Apinayé', 'TO', 'Tradicionalmente ocupada', '141.904,21'),
('Apipica', 'Múra', 'AM', 'Tradicionalmente ocupada', '652,7562'),
('Apucarana', 'Kaingang', 'PR', 'Tradicionalmente ocupada', '5.574,95'),
('Apucarana - Reestudo', 'Kaingang', 'PR', 'Tradicionalmente ocupada', '0'),
('Apurinã do Igarapé Mucuim', 'Apurinã', 'AM', 'Tradicionalmente ocupada', '73.350,61'),
('Apurinã do Igarapé São João', 'Apurinã', 'AM', 'Tradicionalmente ocupada', '18.232,42'),
('Apurinã Igarapé Tauamirim', 'Apurinã', 'AM', 'Tradicionalmente ocupada', '96.456,51'),
('Apurinã Km 124 BR-317', 'Apurinã', 'AM', 'Tradicionalmente ocupada', '42.197,61'),
('Apykai', 'Guaraní,Guarani Kaiowá', 'MS', 'Tradicionalmente ocupada', '0'),
('Apyterewa', 'Parakanã', 'PA', 'Tradicionalmente ocupada', '773.470,03'),
('Araçá', 'Wapixana', 'RR', 'Tradicionalmente ocupada', '50.018,30'),
('Araçai (Karuguá)', 'Guaraní', 'PR', 'Tradicionalmente ocupada', '0'),
('Aracá-Padauiri (Baixo Rio Negro)', 'Tukano,Makuráp,Baré', 'AM', 'Tradicionalmente ocupada', '0'),
('Araponga', 'Guaraní', 'RJ', 'Tradicionalmente ocupada', '0'),
('Arara', 'Arara do Pará', 'PA', 'Tradicionalmente ocupada', '274.010,02'),
('Arara da Volta Grande do Xingu', 'Arara do Pará', 'PA', 'Tradicionalmente ocupada', '25.524,59'),
('Arara do Igarapé Humaitá', 'Arara do Acre', 'AC', 'Tradicionalmente ocupada', '87.571,70'),
('Arara do Rio Amônia', 'Arara do Acre', 'AC', 'Tradicionalmente ocupada', '20.534,00'),
('Arara do Rio Branco', 'Arara do Acre', 'MT', 'Tradicionalmente ocupada', '114.842,47'),
('Araribá', 'Terena,Guarani Kaiowá', 'SP', 'Tradicionalmente ocupada', '1.930,34'),
('Arariboia', 'Guajá', 'MA', 'Tradicionalmente ocupada', '413.288,05'),
('Arary', 'Múra', 'AM', 'Tradicionalmente ocupada', '40.548,57'),
('Araweté Igarapé Ipixuna', 'Araweté', 'PA', 'Tradicionalmente ocupada', '940.900,80'),
('Areal', 'Tembé', 'PA', 'Tradicionalmente ocupada', '0'),
('Areões', 'Xavante', 'MT', 'Tradicionalmente ocupada', '0'),
('Aripuanã', 'Cinta Larga', 'MT', 'Tradicionalmente ocupada', '750.649,27'),
('Ariramba', 'Múra', 'AM', 'Tradicionalmente ocupada', '10.357,53'),
('Arroio do Conde', 'Kaingang', 'RS', 'Tradicionalmente ocupada', '0'),
('Arroio-Korá', 'Guarani Kaiowá', 'MS', 'Tradicionalmente ocupada', '7.175,77'),
('Atikum', 'Atikum', 'PE', 'Tradicionalmente ocupada', '16.290,19'),
('Auati-Paraná (Santa União)', 'Miránha,Kokama,Tikúna', 'AM', 'Tradicionalmente ocupada', '0'),
('Avá-Canoeiro', 'Ava-Canoeiro', 'GO', 'Tradicionalmente ocupada', '38.000,00'),
('Avá-Guarani do Ocoí', 'Guarani Kaiowá', 'PR', 'Reserva Indígena', '231,887'),
('Awa', 'Guajá', 'MA', 'Tradicionalmente ocupada', '116.582,92'),
('Bacurizinho', 'Guajá', 'MA', 'Tradicionalmente ocupada', '82.432,49'),
('Badjonkore', 'Kayapó', 'PA', 'Tradicionalmente ocupada', '221.981,64'),
('Baia dos Guató', 'Guató', 'MT', 'Tradicionalmente ocupada', '19.216,96'),
('Baixo Seruini', 'Apurinã', 'AM', 'Tradicionalmente ocupada', '0'),
('Bakairi', 'Bakairí', 'MT', 'Tradicionalmente ocupada', '61.405,46'),
('Balaio', 'Tukano,Tariana,Desána', 'AM', 'Tradicionalmente ocupada', '257.281,46'),
('Banawá', 'Banawa', 'AM', 'Tradicionalmente ocupada', '192.659,22'),
('Barão de Antonina', 'Kaingang', 'PR', 'Tradicionalmente ocupada', '3.750,72'),
('Barata Livramento', 'Makuxí,Wapixana', 'RR', 'Tradicionalmente ocupada', '12.883,27'),
('Barra', 'Kiriri,Atikum', 'BA', 'Reserva Indígena', '62,2955'),
('Barra Velha', 'Pataxó', 'BA', 'Tradicionalmente ocupada', '8.627,46'),
('Barra Velha de Monte Pascoal', 'Pataxó', 'BA', 'Tradicionalmente ocupada', '52.748,00'),
('Barreira da Missão', 'Kambéba,Kokama', 'AM', 'Dominial Indígena', '1.772,42'),
('Barreirinha', 'Amanayé', 'PA', 'Tradicionalmente ocupada', '2.373,80'),
('Barro Alto', 'Kokama', 'AM', 'Tradicionalmente ocupada', '1.937,17'),
('Batelão', 'Kaiabi', 'MT', 'Tradicionalmente ocupada', '117.050,00'),
('Batovi', 'Wauja', 'MT', 'Tradicionalmente ocupada', '5.158,98'),
('Baú', 'Kayapó', 'PA', 'Tradicionalmente ocupada', '1.540.930,16'),
('Betania', 'Tikúna', 'AM', 'Tradicionalmente ocupada', '122.769,03'),
('Boa Vista - AM', 'Múra', 'AM', 'Tradicionalmente ocupada', '337,3562'),
('Boa Vista - PR', 'Kaingang', 'PR', 'Tradicionalmente ocupada', '7.336,33'),
('Boa Vista Sertão do Promirim', 'Guaraní', 'SP', 'Tradicionalmente ocupada', '906,3886'),
('Boca do Acre', 'Apurinã', 'AM', 'Tradicionalmente ocupada', '26.240,42'),
('Bom Intento', 'Tikúna', 'AM', 'Tradicionalmente ocupada', '1.613,04'),
('Bom Jesus', 'Makuxí', 'RR', 'Tradicionalmente ocupada', '859,1271'),
('Boqueirão', 'Makuxí,Wapixana', 'RR', 'Tradicionalmente ocupada', '16.354,08'),
('Borari de Alter do Chão', 'Borari', 'PA', 'Tradicionalmente ocupada', '0'),
('Borboleta', 'Kaingang', 'RS', 'Reserva Indígena', '0'),
('Bragança-Marituba', 'Mundurukú', 'PA', 'Tradicionalmente ocupada', '13.515,00'),
('Brejo do Burgo', 'Pankararé', 'BA', 'Tradicionalmente ocupada', '17.924,85'),
('Buriti', 'Terena', 'MS', 'Tradicionalmente ocupada', '17.200,00'),
('Buritizinho', 'Guarani Kaiowá', 'MS', 'Tradicionalmente ocupada', '9,7428'),
('Caarapó', 'Guarani Kaiowá', 'MS', 'Tradicionalmente ocupada', '3.594,42'),
('Cabeceira do Rio Acre', 'Yaminawa', 'AC', 'Tradicionalmente ocupada', '78.512,58'),
('Cacau do Tarauaca', 'Kulina Páno', 'AM', 'Tradicionalmente ocupada', '28.367,29'),
('Cachoeira dos Inácios', 'Guarani Mbya', 'SC', 'Reserva Indígena', '80'),
('Cachoeira Seca', 'Arara do Pará', 'PA', 'Tradicionalmente ocupada', '733.688,25'),
('Cachoeirinha', 'Terena', 'MS', 'Tradicionalmente ocupada', '2.658,16'),
('Cacique Doble', 'Guaraní,Kaingang', 'RS', 'Tradicionalmente ocupada', '4.426,28'),
('Cacique Fontoura', 'Karajá', 'MT', 'Tradicionalmente ocupada', '32.304,72'),
('Caiapucá', 'Yaminawa', 'AM', 'Tradicionalmente ocupada', '0'),
('Caiçara/Ilha de São Pedro', 'Xocó', 'SE', 'Tradicionalmente ocupada', '4.316,78'),
('Caieiras Velha II', 'Guarani Mbya,Tupiniquim', 'ES', 'Tradicionalmente ocupada', '57,3935'),
('Caititu', 'Apurinã', 'AM', 'Tradicionalmente ocupada', '308.062,62'),
('Cajueiro', 'Makuxí', 'RR', 'Tradicionalmente ocupada', '4.303,85'),
('Cajuhiri Atravessado', 'Kambéba,Miránha,Tikúna', 'AM', 'Tradicionalmente ocupada', '12.455,72'),
('Camadeni', 'Jamamadí', 'AM', 'Tradicionalmente ocupada', '150.930,55'),
('Cambirela', 'Guarani Mbya', 'SC', 'Tradicionalmente ocupada', '0'),
('Camicua', 'Apurinã', 'AM', 'Tradicionalmente ocupada', '58.519,60'),
('Campinas/Katukina', 'Katukina', 'AC', 'Tradicionalmente ocupada', '32.623,64'),
('Campo Bonito', 'Guarani Mbya', 'RS', 'Reserva Indígena', '94,83'),
('Cana Brava/Guajajara', 'Tenetehara', 'MA', 'Tradicionalmente ocupada', '137.329,54'),
('Canauanim', 'Makuxí,Wapixana', 'RR', 'Tradicionalmente ocupada', '11.182,44'),
('Canelinha', 'Guarani Mbya', 'SC', 'Reserva Indígena', '207,7552'),
('Cantagalo', 'Guarani Mbya', 'RS', 'Tradicionalmente ocupada', '283,6761'),
('Capivara', 'Múra', 'AM', 'Tradicionalmente ocupada', '0'),
('Capivari', 'Guarani Mbya', 'RS', 'Tradicionalmente ocupada', '43,3215'),
('Capoto/Jarina', 'Kayapó', 'MT', 'Tradicionalmente ocupada', '634.915,23'),
('Caramuru/Paraguassu', 'Pataxo Há-Há-Há', 'BA', 'Tradicionalmente ocupada', '54.105,00'),
('Carretão', 'Tapuia', 'GO', 'Tradicionalmente ocupada', '0'),
('Carretão I', 'Tapuia', 'GO', 'Tradicionalmente ocupada', '1.666,45'),
('Carretão II', 'Tapuia', 'GO', 'Tradicionalmente ocupada', '77,5043'),
('Carreteiro', 'Kaingang', 'RS', 'Tradicionalmente ocupada', '0'),
('Caru', 'Tenetehara', 'MA', 'Tradicionalmente ocupada', '172.667,38'),
('Catipari/Mamoria', 'Apurinã', 'AM', 'Tradicionalmente ocupada', '115.044,35'),
('Caxixó', 'Kaxixó', 'MG', 'Tradicionalmente ocupada', '5.411,00'),
('Cerco Grande', 'Guaraní', 'PR', 'Tradicionalmente ocupada', '1.390,00'),
('Cerrito', 'Guarani Nhandeva', 'MS', 'Tradicionalmente ocupada', '1.950,98'),
('Chão Preto', 'Xavante', 'MT', 'Tradicionalmente ocupada', '12.741,85'),
('Cinta Vermelha Jundiba', 'Pataxó,Pankararú', 'MG', 'Reserva Indígena', '0'),
('Coata-Laranjal', 'Mundurukú', 'AM', 'Tradicionalmente ocupada', '1.153.210,11'),
('Cobra Grande', 'Arapiun', 'PA', 'Tradicionalmente ocupada', '8.906,00'),
('Comboios', 'Guaraní,Tupiniquim', 'ES', 'Tradicionalmente ocupada', '3.872,14'),
('Comexatibá', 'Pataxó', 'BA', 'Tradicionalmente ocupada', '28.077,00'),
('Coroa Vermelha', 'Pataxó', 'BA', 'Tradicionalmente ocupada', '1.493,99'),
('Coroa Vermelha - Gleba C', 'Pataxó', 'BA', 'Reserva Indígena', '2.204,00'),
('Coroa Vermelha (Reestudo)', 'Pataxó', 'BA', 'Tradicionalmente ocupada', '0'),
('Córrego João Pereira', 'Tremembé', 'CE', 'Tradicionalmente ocupada', '3.162,39'),
('Cué Cué/ Marabitanas', 'Baré', 'AM', 'Tradicionalmente ocupada', '808.645,00'),
('Cuia', 'Múra', 'AM', 'Tradicionalmente ocupada', '1.322,39'),
('Cuiu-Cuiu', 'Miránha', 'AM', 'Tradicionalmente ocupada', '36.450,98'),
('Cunhã-Sapucaia', 'Múra', 'AM', 'Tradicionalmente ocupada', '471.450,54'),
('Deni', 'Dení', 'AM', 'Tradicionalmente ocupada', '1.531.303,50'),
('Diahui', 'Diahói', 'AM', 'Tradicionalmente ocupada', '47.354,60'),
('Djaiko-Aty', 'Guarani Nhandeva', 'SP', 'Tradicionalmente ocupada', '1,216'),
('Douradopegua', 'Guaraní', 'AM', 'Tradicionalmente ocupada', '0'),
('Dourados', 'Guarani Nhandeva,Terena', 'MS', 'Tradicionalmente ocupada', '3.474,60'),
('Dourados-Amambaipeguá I', 'Guaraní', 'MS', 'Tradicionalmente ocupada', '55.600,00'),
('Dourados-Amambaipeguá II', 'Guaraní', 'MS', 'Tradicionalmente ocupada', '0'),
('Dourados-Amambaipeguá III', 'Guaraní', 'MS', 'Tradicionalmente ocupada', '0'),
('Enawenê-Nawê', 'Enawenê-Nawê', 'MT', 'Tradicionalmente ocupada', '742.088,68'),
('Entre Serras', 'Pankararú', 'PE', 'Tradicionalmente ocupada', '7.550,09'),
('Erikpatsá', 'Rikbaktsa', 'MT', 'Tradicionalmente ocupada', '79.934,80'),
('Escondido', 'Rikbaktsa', 'MT', 'Tradicionalmente ocupada', '168.938,47'),
('Escrivão', 'Mundurukú,Maytapu', 'PA', 'Tradicionalmente ocupada', '0'),
('Espírito Santo', 'Kokama', 'AM', 'Tradicionalmente ocupada', '33.849,09'),
('Estação Parecis', 'Paresí', 'MT', 'Tradicionalmente ocupada', '2.170,00'),
('Estiva', 'Guaraní', 'RS', 'Tradicionalmente ocupada', '0'),
('Estivadinho', 'Paresí', 'MT', 'Tradicionalmente ocupada', '2.031,94'),
('Estrada do Mar', 'Guarani Mbya', 'RS', 'Reserva Indígena', '45'),
('Estrela da Paz', 'Tikúna', 'AM', 'Tradicionalmente ocupada', '12.876,49'),
('Eterãirebere', 'Xavante', 'MT', 'Tradicionalmente ocupada', '0'),
('Évare I', 'Tikúna', 'AM', 'Tradicionalmente ocupada', '548.177,60'),
('Évare II', 'Tikúna', 'AM', 'Tradicionalmente ocupada', '176.205,72'),
('Faxinal', 'Kaingang', 'PR', 'Dominial Indígena', '2.043,89'),
('Fazenda Bahiana', 'Pataxó', 'BA', 'Reserva Indígena', '304,56'),
('Fazenda Boa Vista - MG', 'Xucuru - Kariri', 'MG', 'Reserva Indígena', '101'),
('Fazenda Canto', 'Xucuru - Kariri', 'AL', 'Reserva Indígena', '276,5494'),
('Fazenda Cristo Rei', 'Pankararú', 'PE', 'Reserva Indígena', '0'),
('Fazenda Guarani', 'Pataxó,Krenák', 'MG', 'Tradicionalmente ocupada', '3.269,71'),
('Fazenda Jenipapeiro', 'Atikum', 'BA', 'Reserva Indígena', '0'),
('Fazenda Remanso', 'Tuxá', 'BA', 'Reserva Indígena', '336,9518'),
('Fazenda Sempre Verde', 'Pankararú', 'BA', 'Reserva Indígena', '0'),
('Fazenda Sítio', 'Tuxá', 'BA', 'Reserva Indígena', '409,8834'),
('Figueiras', 'Paresí', 'MT', 'Tradicionalmente ocupada', '9.858,93'),
('Fortaleza do Castanho', 'Múra', 'AM', 'Tradicionalmente ocupada', '2.756,16'),
('Fortaleza do Patauá', 'Apurinã', 'AM', 'Tradicionalmente ocupada', '743,5829'),
('Fulni-ô', 'Fulni-ô', 'PE', 'Reserva Indígena', '11.505,71'),
('Funil', 'Xerente', 'TO', 'Tradicionalmente ocupada', '15.703,80'),
('Galibi', 'Galibi do Oiapoque', 'AP', 'Tradicionalmente ocupada', '6.689,19'),
('Garcete Kuê (Nhandeva Peguá)', 'Guaraní', 'MS', 'Tradicionalmente ocupada', '0'),
('Gavião', 'Múra', 'AM', 'Tradicionalmente ocupada', '8.611,85'),
('Geralda Toco Preto', 'Timbira', 'MA', 'Tradicionalmente ocupada', '18.506,21'),
('Geripancó', 'Jeripancó', 'AL', 'Tradicionalmente ocupada', '200'),
('Governador', 'Tenetehara,Gavião Pukobiê', 'MA', 'Tradicionalmente ocupada', '41.643,76'),
('Guaimbé', 'Guarani Kaiowá', 'MS', 'Tradicionalmente ocupada', '716,9316'),
('Guaivyry-Joyvy (Amambaipeguá)', 'Guarani Kaiowá', 'MS', 'Tradicionalmente ocupada', '0'),
('Guajahã', 'Apurinã', 'AM', 'Tradicionalmente ocupada', '5.036,84'),
('Guanabara', 'Kokama', 'AM', 'Tradicionalmente ocupada', '15.600,00'),
('Guapenu', 'Múra', 'AM', 'Tradicionalmente ocupada', '0'),
('Guarani Araponga', 'Guaraní', 'RJ', 'Tradicionalmente ocupada', '213,2033'),
('Guarani Barra do Ouro', 'Guaraní', 'RS', 'Tradicionalmente ocupada', '2.268,60'),
('Guarani da Barragem', 'Guarani Kaiowá', 'SP', 'Tradicionalmente ocupada', '26,3'),
('Guarani de Águas Brancas', 'Guaraní', 'RS', 'Tradicionalmente ocupada', '230'),
('Guarani de Araçaí', 'Guaraní', 'SC', 'Tradicionalmente ocupada', '2.721,00'),
('Guarani de Bracui', 'Guaraní', 'RJ', 'Tradicionalmente ocupada', '2.127,87'),
('Guarani do Aguapeu', 'Guaraní', 'SP', 'Tradicionalmente ocupada', '4.372,26'),
('Guarani do Ribeirão Silveira', 'Guaraní', 'SP', 'Tradicionalmente ocupada', '948,4'),
('Guarani Votouro', 'Guaraní', 'RS', 'Tradicionalmente ocupada', '717,377'),
('Guarita', 'Guaraní,Kaingang', 'RS', 'Tradicionalmente ocupada', '23.406,87'),
('Guasuti', 'Guarani Kaiowá', 'MS', 'Tradicionalmente ocupada', '958,7993'),
('Guató', 'Guató', 'MS', 'Tradicionalmente ocupada', '10.984,79'),
('Guaviraty', 'Guarani Mbya', 'SP', 'Tradicionalmente ocupada', '1.248,00'),
('Guyraroká', 'Guarani Kaiowá', 'MS', 'Tradicionalmente ocupada', '11.440,00'),
('Hãm Yîxux', 'Maxakali', 'MG', 'Reserva Indígena', '522,72'),
('Herarekã Xetá', 'Xetá', 'PR', 'Tradicionalmente ocupada', '2.686,00'),
('Hi Merimã', 'Himarimã', 'AM', 'Tradicionalmente ocupada', '677.840,32'),
('Huuhi', 'Xavante', 'MT', 'Tradicionalmente ocupada', '0'),
('Ibirama', 'Xokléng,Guaraní,Kaingang', 'SC', 'Tradicionalmente ocupada', '14.084,89'),
('Ibirama-La Klãnô', 'Xokléng,Guaraní,Kaingang', 'SC', 'Tradicionalmente ocupada', '37.108,00'),
('Ibotirama', 'Tuxá', 'BA', 'Reserva Indígena', '2.019,71');

